snapshot_date,universe_id,game_name,genre,genre_l1,genre_l2,playing_ccu,total_visits,favorited_count,up_votes,down_votes,like_ratio,favorites_per_1k_visits,favorites_per_visit,engagement_score,created_date,age_days,tier,is_breakout,breakout_year,ccu_rank
2026-03-19,383310974,[🍭] Adopt Me!,RPG,Roleplay & Avatar Sim,Pet Care,396822,42684765966,28637753,8855406,1497604,0.8553,0.6709,0.00067091,0.0073978,2017-07-14,3169,top,True,2019,1
2026-03-19,1686885941,Brookhaven 🏡RP,Town and City,Roleplay & Avatar Sim,Life,374172,80119611633,26592103,7822409,1284146,0.859,0.3319,0.00033191,0.00365856,2020-04-21,2158,top,True,2020,2
2026-03-19,994732206,Blox Fruits,Adventure,RPG,Action RPG,249021,59889255685,18265812,11784106,1023013,0.9201,0.305,0.00030499,0.00348692,2019-01-16,2619,top,True,2021,3
2026-03-19,6035872082,[🍀] RIVALS,FPS,Shooter,Deathmatch Shooter,182252,12835176914,64780635,8757855,511475,0.9448,5.0471,0.00504712,0.05776302,2024-05-26,661,breakout,True,2025,4
2026-03-19,66654135,Murder Mystery 2,Horror,Survival,1 vs All,129216,24469383585,21385271,9346507,945601,0.9081,0.874,0.00087396,0.00934083,2014-01-18,4442,top,True,2017,5
2026-03-19,3808081382,The Strongest Battlegrounds,Fighting,Action,Battlegrounds & Fighting,75843,17198404054,6653404,4853644,937042,0.8382,0.3869,0.00038686,0.00364353,2022-08-02,1324,breakout,True,2024,6
2026-03-19,601130232,Bee Swarm Simulator,Adventure,Simulation,Incremental Simulator,73729,4249375116,6404540,2942434,136736,0.9556,1.5072,0.00150717,0.01614249,2018-03-21,2919,top,True,2018,7
2026-03-19,5361032378,Sol's RNG [ BOSS RAID 2🔥],All,Simulation,Incremental Simulator,41550,1707818232,897752,1262727,128674,0.9075,0.5257,0.00052567,0.00507337,2023-12-03,836,breakout,True,2025,8
2026-03-19,5750914919,Fisch 🍀 [ST. PATRICK'S],Adventure,Simulation,,33011,4315513159,3205761,2778486,298396,0.903,0.7428,0.00074285,0.00697947,2024-03-13,735,breakout,True,2025,9
2026-03-19,372226183,⛩️Flee the Facility💕,Horror,Survival,1 vs All,21702,5457282494,9388131,2616454,227512,0.92,1.7203,0.00172029,0.01580332,2017-07-01,3182,lower_mid,False,,10
2026-03-19,1831550657,🌷 Creatures of Sonaria ✨ Survive Kaiju Animals,All,Roleplay & Avatar Sim,Animal Sim,20356,1855988542,9399007,1272996,104750,0.924,5.0642,0.00506415,0.04642243,2020-06-25,2092,lower_mid,False,,11
2026-03-19,88070565,[🩰] Welcome to Bloxburg,Town and City,Roleplay & Avatar Sim,Life,17843,9845422471,13824789,5543363,733072,0.8832,1.4042,0.00140418,0.01214064,2014-11-04,4153,established,False,,12
2026-03-19,1720936166,All Star Tower Defense,All,Strategy,Tower Defense,17009,7634559318,2296417,1462588,129133,0.9189,0.3008,0.00030079,0.00269247,2020-05-07,2142,established,False,,13
2026-03-19,3317679266,PLS DONATE 💸,All,Social,,15074,4904459632,4117389,3499687,255478,0.932,0.8395,0.00083952,0.00752734,2022-02-05,1502,breakout,True,2024,14
2026-03-19,4777817887,Blade Ball,Fighting,Action,Battlegrounds & Fighting,13940,6027497359,12142536,8052171,554635,0.9356,2.0145,0.00201452,0.01798496,2023-06-17,1006,breakout,True,2024,15
2026-03-19,1235188606,[VEIDREKI] Dragon Adventures 🐉,Adventure,RPG,,11724,1526756905,12416927,1027337,74264,0.9326,8.1329,0.00813288,0.07106377,2019-07-15,2438,mid,False,,16
2026-03-19,210851291,Build A Boat For Treasure,Adventure,Simulation,Sandbox,11605,4931187662,8273922,3515832,252056,0.9331,1.6779,0.00167788,0.0146532,2016-11-02,3423,top,True,2017,17
2026-03-19,321778215,Royale🌼High,All,Roleplay & Avatar Sim,Dress Up,8950,10366101708,13263986,3230640,531232,0.8588,1.2796,0.00127955,0.00999912,2017-04-10,3264,top,True,2018,18
2026-03-19,65241,Natural Disaster Survival,All,Survival,,8796,4161131130,11472350,4261844,430959,0.9082,2.757,0.00275703,0.02274027,2008-03-28,6564,top,True,2014,19
2026-03-19,245662005,Jailbreak,Town and City,Action,Open World Action,8579,7831362510,18522688,5731899,804092,0.877,2.3652,0.00236519,0.01878656,2017-01-06,3358,top,True,2017,20
2026-03-19,5650396773,a dusty trip [🍀SHOP],Adventure,Adventure,,8163,2226806313,1962072,1926461,209976,0.9017,0.8811,0.00088111,0.00715659,2024-02-16,761,mid,False,,21
2026-03-19,73885730,Prison Life,Town and City,Action,Open World Action,7362,2825958957,5786381,1466138,254842,0.8519,2.0476,0.00204758,0.01553232,2014-05-02,4339,established,False,,22
2026-03-19,2440500124,DOORS [NEW BUNDLE 🍀],Adventure,Survival,Escape,7049,7262362734,7702548,4461707,341034,0.929,1.0606,0.00106061,0.00873053,2021-03-14,1831,breakout,True,2022,23
2026-03-19,47545,🍕Work at a Pizza Place,Town and City,Roleplay & Avatar Sim,Life,6303,5440531734,13230295,3359268,259594,0.9283,2.4318,0.0024318,0.01974951,2008-03-28,6564,established,False,,24
2026-03-19,1516533665,Piggy [MYSTERY SKIN QUEST],Horror,Survival,,6206,14112341278,12047603,3948842,429624,0.9019,0.8537,0.00085369,0.0067241,2020-01-23,2247,established,False,,25
2026-03-19,1176784616,🍀 Tower Defense Simulator 🍀,All,Strategy,Tower Defense,6133,4601761374,3359486,1954674,124394,0.9402,0.73,0.00073004,0.00598619,2019-06-05,2478,established,False,,26
2026-03-19,903807016,[👷] Emergency Response: Liberty County,Town and City,Roleplay & Avatar Sim,Life,5545,1448327503,2740153,1133787,112219,0.9099,1.8919,0.00189194,0.01484118,2018-11-01,2694,mid,False,,27
2026-03-19,371263894,Greenville,Town and City,Roleplay & Avatar Sim,Life,5033,1334904943,2555139,987697,140708,0.8753,1.9141,0.0019141,0.0142812,2017-06-28,3185,mid,False,,28
2026-03-19,1359573625,Deepwoken: Ironsworn,RPG,RPG,Action RPG,4829,1511411433,984551,395010,60311,0.8675,0.6514,0.00065141,0.00479375,2019-10-12,2349,mid,False,,29
2026-03-19,111958650,Arsenal,Fighting,Shooter,Deathmatch Shooter,4299,6162762242,11453780,5080844,655994,0.8857,1.8585,0.00185855,0.01377126,2015-08-18,3865,established,False,,30
2026-03-19,31970568,Theme Park Tycoon 2,Building,Simulation,Tycoon,3502,1546798354,5998868,2037049,254742,0.8888,3.8782,0.00387825,0.02813361,2012-01-02,5189,established,False,,31
2026-03-19,113491250,[SPRING UPDATE!] Phantom Forces,FPS,Shooter,Deathmatch Shooter,2290,1756781937,5943983,2448036,247415,0.9082,3.3834,0.00338345,0.02377411,2015-08-31,3852,established,False,,32
2026-03-19,1008451066,Da Hood ,Town and City,Action,Open World Action,2243,2886642564,2982315,1282842,536540,0.7051,1.0331,0.00103314,0.00562086,2019-01-27,2608,established,False,,33
2026-03-19,110181652,Epic Minigames ✨,All,Party & Casual,Minigame,2156,2304868805,8227911,2199783,232832,0.9043,3.5698,0.0035698,0.02478059,2015-07-29,3885,lower_mid,False,,34
2026-03-19,1511883870,Shindo Life [242],All,RPG,Action RPG,2040,2646645011,3004220,2175479,143990,0.9379,1.1351,0.00113511,0.00811382,2020-01-20,2249,established,False,,35
2026-03-19,2404080894,Funky Friday,All,Action,Music & Rhythm,1542,1963886144,4067560,1945026,211352,0.902,2.0712,0.00207118,0.0137152,2021-02-26,1846,lower_mid,False,,36
2026-03-19,848145103,Dungeon Quest! ⚔️ RPG Adventure,Fighting,RPG,Action RPG,1194,2315264909,5763742,1153341,101870,0.9188,2.4895,0.00248945,0.01620839,2018-09-25,2731,mid,False,,37
2026-03-19,2471084,🌳 Lumber Tycoon 2,Adventure,Simulation,Tycoon,1084,1288721149,4571670,2008272,282041,0.8769,3.5474,0.00354745,0.021741,2009-07-30,6075,lower_mid,False,,38
2026-03-19,2316994223,Pet Simulator X! 🐾,All,Simulation,Incremental Simulator,1047,8970012364,5961717,4206971,394609,0.9142,0.6646,0.00066463,0.00422586,2021-01-22,1881,breakout,True,2022,39
2026-03-19,1335695570,⚡Ninja Legends,Fighting,Simulation,Incremental Simulator,996,2138720717,4671119,1600331,130144,0.9248,2.1841,0.00218407,0.01394631,2019-09-22,2369,top,True,2020,40
2026-03-19,83858907,Speed Run 4,Adventure,Obby & Platformer,,816,1718887707,4511165,1024917,363069,0.7384,2.6245,0.00262447,0.01299526,2014-10-20,4167,mid,False,,41
2026-03-19,1424449565,Super Golf!,Sports,Sports & Racing,Sports,567,246000449,953773,308549,78455,0.7973,3.8771,0.00387712,0.01960435,2019-11-29,2302,mid,False,,42
2026-03-19,1434220026,My Restaurant! 👨‍🍳,All,Simulation,Tycoon,566,879319454,2671945,1076292,98824,0.9159,3.0387,0.00303865,0.01764591,2019-12-06,2295,established,False,,43
2026-03-19,1168263273,[🎃] Bad Business | FPS ,FPS,Shooter,Deathmatch Shooter,180,544709941,2179442,776063,131015,0.8556,4.0011,0.00400111,0.0177955,2019-05-29,2485,lower_mid,False,,44
2026-03-19,140239261,🏠 MeepCity 🏠,Town and City,Roleplay & Avatar Sim,,136,16269187391,14758175,2882677,514163,0.8486,0.9071,0.00090712,0.00378749,2016-02-23,3676,top,True,2016,45
2026-03-19,3183403065,[🤹APRIL FOOL'S🤡] AA,All,Strategy,Tower Defense,109,2507252196,1396910,720899,65142,0.9171,0.5571,0.00055715,0.00240183,2021-12-21,1549,established,False,,46
2026-03-19,1077961373,Giant Simulator,All,Simulation,Incremental Simulator,53,163499986,588321,175749,32878,0.8424,3.5983,0.00359829,0.01209153,2019-03-22,2554,lower_mid,False,,47
2026-03-19,81762198,[Sides] Vehicle Simulator,Town and City,Simulation,Vehicle Sim,23,665612729,3375988,1098832,133130,0.8919,5.072,0.005072,0.01437721,2014-08-08,4241,mid,False,,48
2026-03-19,1344222621,malymal91's Place,All,,,0,0,0,0,0,0.0,0.0,0.0,0.0,2019-09-29,2362,mid,False,,49
2026-03-19,67400893,efrenda's Place,All,,,0,0,0,0,0,0.0,0.0,0.0,0.0,2014-01-26,4434,lower_mid,False,,50
2026-03-19,1090335239,aleor3210's Place,All,,,0,0,0,0,0,0.0,0.0,0.0,0.0,2019-03-31,2544,lower_mid,False,,51
2026-03-19,2755335127,####'s Place,All,,,0,0,0,0,0,0.0,0.0,0.0,0.0,2021-07-19,1703,lower_mid,False,,52
2026-03-19,4494776745,chgcchfhcfvggjgvhc's Place,All,,,0,0,0,0,0,0.0,0.0,0.0,0.0,2023-03-19,1095,mid,False,,53
2026-03-19,4747349896,rgost1's Place,All,,,0,0,0,0,0,0.0,0.0,0.0,0.0,2023-06-07,1015,mid,False,,54
2026-03-19,1557606948,ProPro1052's Place,All,,,0,0,0,0,0,0.0,0.0,0.0,0.0,2020-02-17,2221,mid,False,,55
2026-03-19,498598030,puppyluver112232's Place,All,,,0,0,0,0,0,0.0,0.0,0.0,0.0,2017-12-05,3025,mid,False,,56
2026-03-20,383310974,[🍭] Adopt Me!,RPG,Roleplay & Avatar Sim,Pet Care,389579,42700977250,28645791,8860542,1497666,0.8554,0.6708,0.00067085,0.00738708,2017-07-14,3170,top,True,2019,1
2026-03-20,1686885941,Brookhaven 🏡RP,Town and City,Roleplay & Avatar Sim,Life,309684,80157540610,26610086,7826979,1284714,0.859,0.332,0.00033197,0.00360544,2020-04-21,2159,top,True,2020,2
2026-03-20,994732206,Blox Fruits,Adventure,RPG,Action RPG,300761,59914630763,18276379,11789493,1023271,0.9201,0.305,0.00030504,0.0035405,2019-01-16,2620,top,True,2021,3
2026-03-20,6035872082,[🍀] RIVALS,FPS,Shooter,Deathmatch Shooter,213309,12870263103,64951300,8770474,512755,0.9448,5.0466,0.00504662,0.05850416,2024-05-26,662,breakout,True,2025,4
2026-03-20,66654135,Murder Mystery 2,Horror,Survival,1 vs All,103015,24487844425,21394318,9350720,946096,0.9081,0.8737,0.00087367,0.00915788,2014-01-18,4443,top,True,2017,5
2026-03-20,3808081382,The Strongest Battlegrounds,Fighting,Action,Battlegrounds & Fighting,73987,17212296790,6658184,4856176,937600,0.8382,0.3868,0.00038683,0.00363513,2022-08-02,1325,breakout,True,2024,6
2026-03-20,601130232,Bee Swarm Simulator,Adventure,Simulation,Incremental Simulator,72683,4254197687,6405461,2943251,136775,0.9556,1.5057,0.00150568,0.01610594,2018-03-21,2920,top,True,2018,7
2026-03-20,5361032378,Sol's RNG [ BOSS RAID 2🔥],All,Simulation,Incremental Simulator,44115,1709667269,898164,1263361,128690,0.9076,0.5253,0.00052534,0.00509894,2023-12-03,837,breakout,True,2025,8
2026-03-20,5750914919,Fisch 🍀,Adventure,Simulation,,31361,4317658019,3208319,2779410,298414,0.903,0.7431,0.00074307,0.00694735,2024-03-13,736,breakout,True,2025,9
2026-03-20,1831550657,🌷 Creatures of Sonaria ✨ Survive Kaiju Animals,All,Roleplay & Avatar Sim,Animal Sim,18986,1857633541,9408764,1273838,104822,0.924,5.0649,0.00506492,0.04610334,2020-06-25,2093,lower_mid,False,,10
2026-03-20,1720936166,All Star Tower Defense,All,Strategy,Tower Defense,18974,7638716290,2296932,1463400,129114,0.9189,0.3007,0.0003007,0.00272196,2020-05-07,2143,established,False,,11
2026-03-20,3317679266,PLS DONATE 💸,All,Social,,15815,4907874451,4120374,3501576,255606,0.932,0.8395,0.00083954,0.00756512,2022-02-05,1503,breakout,True,2024,12
2026-03-20,88070565,[🚪] Welcome to Bloxburg,Town and City,Roleplay & Avatar Sim,Life,13639,9846730446,13825416,5543862,733071,0.8832,1.4041,0.00140406,0.01180654,2014-11-04,4154,established,False,,13
2026-03-20,4777817887,Blade Ball,Fighting,Action,Battlegrounds & Fighting,12675,6029698944,12147240,8054119,554819,0.9356,2.0146,0.00201457,0.01780598,2023-06-17,1007,breakout,True,2024,14
2026-03-20,372226183,⛩️Flee the Facility💕,Horror,Survival,1 vs All,11694,5460103079,9389371,2617300,227575,0.92,1.7196,0.00171963,0.01481913,2017-07-01,3183,lower_mid,False,,15
2026-03-20,210851291,Build A Boat For Treasure,Adventure,Simulation,Sandbox,11386,4932364185,8274875,3516438,252103,0.9331,1.6777,0.00167767,0.01462155,2016-11-02,3424,top,True,2017,16
2026-03-20,1235188606,[VEIDREKI] Dragon Adventures 🐉,Adventure,RPG,,11383,1528092895,12424587,1027821,74284,0.9326,8.1308,0.00813078,0.07082261,2019-07-15,2439,mid,False,,17
2026-03-20,321778215,Royale🌼High,All,Roleplay & Avatar Sim,Dress Up,8128,10366805619,13264231,3230920,531242,0.8588,1.2795,0.00127949,0.00989287,2017-04-10,3265,top,True,2018,18
2026-03-20,5650396773,a dusty trip [🍀SHOP],Adventure,Adventure,,7565,2228311439,1963398,1926937,210055,0.9017,0.8811,0.00088111,0.00709606,2024-02-16,762,mid,False,,19
2026-03-20,245662005,Jailbreak,Town and City,Action,Open World Action,7348,7832513164,18523311,5732212,804136,0.877,2.3649,0.00236493,0.01846323,2017-01-06,3359,top,True,2017,20
2026-03-20,2440500124,DOORS [NEW BUNDLE 🍀],Adventure,Survival,Escape,7150,7263931292,7703912,4462322,341073,0.929,1.0606,0.00106057,0.00874422,2021-03-14,1832,breakout,True,2022,21
2026-03-20,65241,Natural Disaster Survival,All,Survival,,6466,4162572703,11473939,4262548,431018,0.9082,2.7565,0.00275645,0.02196534,2008-03-28,6565,top,True,2014,22
2026-03-20,47545,🍕Work at a Pizza Place,Town and City,Roleplay & Avatar Sim,Life,5191,5441274158,13231773,3359763,259613,0.9283,2.4317,0.00243174,0.01931106,2008-03-28,6565,established,False,,23
2026-03-20,1516533665,Piggy [MYSTERY SKIN QUEST],Horror,Survival,,3753,14113254307,12048143,3949234,429645,0.9019,0.8537,0.00085368,0.00633685,2020-01-23,2248,established,False,,24
2026-03-20,1359573625,Deepwoken: Ironsworn,RPG,RPG,Action RPG,3603,1512004409,984754,395088,60310,0.8676,0.6513,0.00065129,0.00462755,2019-10-12,2350,mid,False,,25
2026-03-20,111958650,Arsenal,Fighting,Shooter,Deathmatch Shooter,3390,6163589441,11454030,5081101,656047,0.8856,1.8583,0.00185834,0.0133788,2015-08-18,3866,established,False,,26
2026-03-20,31970568,Theme Park Tycoon 2,Building,Simulation,Tycoon,3234,1547058068,5999217,2037249,254749,0.8889,3.8778,0.00387782,0.02785641,2012-01-02,5191,established,False,,27
2026-03-20,1008451066,Da Hood ,Town and City,Action,Open World Action,1994,2886945709,2982359,1282917,536569,0.7051,1.033,0.00103305,0.00553469,2019-01-27,2609,established,False,,28
2026-03-20,113491250,[SPRING UPDATE!] Phantom Forces,FPS,Shooter,Deathmatch Shooter,1817,1757020254,5944135,2448118,247431,0.9082,3.3831,0.00338308,0.0230609,2015-08-31,3854,established,False,,29
2026-03-20,1511883870,Shindo Life [242],All,RPG,Action RPG,1678,2646784363,3004294,2175603,143991,0.9379,1.1351,0.00113507,0.00790576,2020-01-20,2250,established,False,,30
2026-03-20,110181652,Epic Minigames ✨,All,Party & Casual,Minigame,1606,2305079238,8228835,2200088,232846,0.9043,3.5699,0.00356987,0.02383107,2015-07-29,3886,lower_mid,False,,31
2026-03-20,2316994223,Pet Simulator X! 🐾,All,Simulation,Incremental Simulator,1294,8970149784,5961736,4207085,394621,0.9142,0.6646,0.00066462,0.0043544,2021-01-22,1882,breakout,True,2022,32
2026-03-20,2471084,🌳 Lumber Tycoon 2,Adventure,Simulation,Tycoon,1129,1288831591,4571832,2008344,282045,0.8769,3.5473,0.00354727,0.02186637,2009-07-30,6076,lower_mid,False,,33
2026-03-20,2404080894,Funky Friday,All,Action,Music & Rhythm,1091,1964074509,4067620,1945120,211360,0.902,2.071,0.00207101,0.01306829,2021-02-26,1847,lower_mid,False,,34
2026-03-20,1335695570,⚡Ninja Legends,Fighting,Simulation,Incremental Simulator,1053,2138838594,4671283,1600452,130150,0.9248,2.184,0.00218403,0.01405836,2019-09-22,2370,top,True,2020,35
2026-03-20,1434220026,My Restaurant! 👨‍🍳,All,Simulation,Tycoon,581,879367637,2671962,1076348,98827,0.9159,3.0385,0.0030385,0.01771775,2019-12-06,2296,established,False,,36
2026-03-20,83858907,Speed Run 4,Adventure,Obby & Platformer,,502,1719013361,4511348,1024979,363100,0.7384,2.6244,0.00262438,0.01205478,2014-10-20,4168,mid,False,,37
2026-03-20,1424449565,Super Golf!,Sports,Sports & Racing,Sports,382,246058632,953979,308601,78471,0.7973,3.877,0.00387704,0.01838566,2019-11-29,2303,mid,False,,38
2026-03-20,3183403065,[🤹APRIL FOOL'S🤡] AA,All,Strategy,Tower Defense,115,2507266112,1396860,720911,65145,0.9171,0.5571,0.00055712,0.00242886,2021-12-21,1550,established,False,,39
2026-03-20,140239261,🏠 MeepCity 🏠,Town and City,Roleplay & Avatar Sim,,107,16269225703,14758109,2882713,514180,0.8486,0.9071,0.00090712,0.00360435,2016-02-23,3677,top,True,2016,40
2026-03-20,81762198,[Sides] Vehicle Simulator,Town and City,Simulation,Vehicle Sim,8,665615859,3375961,1098839,133128,0.8919,5.0719,0.00507194,0.00993993,2014-08-08,4242,mid,False,,41
2026-03-20,1344222621,malymal91's Place,All,,,0,0,0,0,0,0.0,0.0,0.0,0.0,2019-09-29,2363,mid,False,,42
2026-03-20,67400893,efrenda's Place,All,,,0,0,0,0,0,0.0,0.0,0.0,0.0,2014-01-26,4435,lower_mid,False,,43
2026-03-20,1090335239,aleor3210's Place,All,,,0,0,0,0,0,0.0,0.0,0.0,0.0,2019-03-31,2545,lower_mid,False,,44
2026-03-20,2755335127,####'s Place,All,,,0,0,0,0,0,0.0,0.0,0.0,0.0,2021-07-19,1705,lower_mid,False,,45
2026-03-20,4494776745,chgcchfhcfvggjgvhc's Place,All,,,0,0,0,0,0,0.0,0.0,0.0,0.0,2023-03-19,1096,mid,False,,46
2026-03-20,4747349896,rgost1's Place,All,,,0,0,0,0,0,0.0,0.0,0.0,0.0,2023-06-07,1016,mid,False,,47
2026-03-20,1557606948,ProPro1052's Place,All,,,0,0,0,0,0,0.0,0.0,0.0,0.0,2020-02-17,2222,mid,False,,48
2026-03-21,383310974,[🧇] Adopt Me!,RPG,Roleplay & Avatar Sim,Pet Care,435546,42723863065,28655062,8867509,1497739,0.8555,0.6707,0.0006707,0.00745029,2017-07-14,3171,top,True,2019,1
2026-03-21,1686885941,Brookhaven 🏡RP,Town and City,Roleplay & Avatar Sim,Life,429568,80205313806,26632627,7833093,1285763,0.859,0.3321,0.00033206,0.00369966,2020-04-21,2160,top,True,2020,2
2026-03-21,6035872082,[🍀] RIVALS,FPS,Shooter,Deathmatch Shooter,365060,12918032940,65177040,8786997,514743,0.9447,5.0454,0.00504543,0.06104495,2024-05-26,663,breakout,True,2025,3
2026-03-21,994732206,Blox Fruits,Adventure,RPG,Action RPG,356529,59944574731,18287487,11795506,1023699,0.9201,0.3051,0.00030507,0.00358866,2019-01-16,2621,top,True,2021,4
2026-03-21,66654135,Murder Mystery 2,Horror,Survival,1 vs All,130698,24508882006,21404695,9355404,946625,0.9081,0.8733,0.00087334,0.00934318,2014-01-18,4444,top,True,2017,5
2026-03-21,3808081382,The Strongest Battlegrounds,Fighting,Action,Battlegrounds & Fighting,90967,17229179429,6663845,4859222,938438,0.8381,0.3868,0.00038678,0.00370147,2022-08-02,1326,breakout,True,2024,6
2026-03-21,601130232,Bee Swarm Simulator,Adventure,Simulation,Incremental Simulator,76130,4259075113,6406406,2944096,136822,0.9556,1.5042,0.00150418,0.01615643,2018-03-21,2921,top,True,2018,7
2026-03-21,5361032378,Sol's RNG [ BOSS RAID 2🔥],All,Simulation,Incremental Simulator,47224,1711639850,898688,1264133,128706,0.9076,0.525,0.00052505,0.00512872,2023-12-03,839,breakout,True,2025,8
2026-03-21,5750914919,Fisch 🍀,Adventure,Simulation,,32791,4320109288,3210778,2780481,298500,0.9031,0.7432,0.00074322,0.00697872,2024-03-13,737,breakout,True,2025,9
2026-03-21,1831550657,🌷 Creatures of Sonaria ✨ Survive Kaiju Animals,All,Roleplay & Avatar Sim,Animal Sim,26800,1860023350,9421374,1274923,104917,0.924,5.0652,0.00506519,0.04771876,2020-06-25,2094,lower_mid,False,,10
2026-03-21,1720936166,All Star Tower Defense,All,Strategy,Tower Defense,21498,7643472905,2297515,1464360,129080,0.919,0.3006,0.00030059,0.00275566,2020-05-07,2144,established,False,,11
2026-03-21,3317679266,PLS DONATE 💸,All,Social,,19280,4911895412,4123885,3503769,255753,0.932,0.8396,0.00083957,0.0077204,2022-02-05,1504,breakout,True,2024,12
2026-03-21,1235188606,[🍀] Dragon Adventures 🐉,Adventure,RPG,,17272,1529824743,12432459,1028351,74302,0.9326,8.1267,0.00812672,0.07394856,2019-07-15,2440,mid,False,,13
2026-03-21,210851291,Build A Boat For Treasure,Adventure,Simulation,Sandbox,16081,4933813806,8276038,3517180,252155,0.9331,1.6774,0.00167741,0.01515967,2016-11-02,3425,top,True,2017,14
2026-03-21,4777817887,Blade Ball,Fighting,Action,Battlegrounds & Fighting,15300,6032244407,12152999,8056391,554995,0.9356,2.0147,0.00201467,0.0181616,2023-06-17,1008,breakout,True,2024,15
2026-03-21,2440500124,DOORS [NEW BUNDLE 🍀],Adventure,Survival,Escape,12387,7266034904,7705540,4463125,341125,0.929,1.0605,0.00106049,0.00928489,2021-03-14,1833,breakout,True,2022,16
2026-03-21,88070565,[🚪] Welcome to Bloxburg,Town and City,Roleplay & Avatar Sim,Life,12250,9848049335,13825981,5544369,733069,0.8832,1.4039,0.00140393,0.0116724,2014-11-04,4155,established,False,,17
2026-03-21,1176784616,🍀 Tower Defense Simulator 🍀,All,Strategy,Tower Defense,9899,4604131702,3360555,1955758,124423,0.9402,0.7299,0.0007299,0.00631362,2019-06-05,2481,established,False,,18
2026-03-21,5650396773,a dusty trip [🍀SHOP],Adventure,Adventure,,9795,2230028807,1964733,1927451,210130,0.9017,0.881,0.00088103,0.00730057,2024-02-16,763,mid,False,,19
2026-03-21,1516533665,Piggy [LOVE HEARTS ❤️ ],Horror,Survival,,9755,14115253656,12049086,3949999,429697,0.9019,0.8536,0.00085362,0.00707176,2020-01-23,2249,established,False,,20
2026-03-21,245662005,[UPD] Jailbreak,Town and City,Action,Open World Action,9743,7833940643,18524042,5732702,804177,0.877,2.3646,0.00236459,0.01904564,2017-01-06,3360,top,True,2017,21
2026-03-21,372226183,⛩️Flee the Facility💕,Horror,Survival,1 vs All,8166,5463047671,9390534,2618271,227617,0.92,1.7189,0.00171892,0.01424536,2017-07-01,3185,lower_mid,False,,22
2026-03-21,321778215,Royale🌼High,All,Roleplay & Avatar Sim,Dress Up,7333,10367505910,13264473,3231167,531281,0.8588,1.2794,0.00127943,0.00977931,2017-04-10,3266,top,True,2018,23
2026-03-21,65241,Natural Disaster Survival,All,Survival,,6107,4164235330,11475700,4263443,431095,0.9082,2.7558,0.00275578,0.02181706,2008-03-28,6566,top,True,2014,24
2026-03-21,47545,🍕Work at a Pizza Place,Town and City,Roleplay & Avatar Sim,Life,5931,5442082118,13233369,3360288,259632,0.9283,2.4317,0.00243167,0.0196114,2008-03-28,6566,established,False,,25
2026-03-21,903807016,[👷] Emergency Response: Liberty County,Town and City,Roleplay & Avatar Sim,Life,4419,1449663241,2741031,1134288,112281,0.9099,1.8908,0.00189081,0.01444167,2018-11-01,2696,mid,False,,26
2026-03-21,31970568,Theme Park Tycoon 2,Building,Simulation,Tycoon,4280,1547368765,5999599,2037455,254760,0.8889,3.8773,0.00387729,0.02881829,2012-01-02,5192,established,False,,27
2026-03-21,371263894,Greenville,Town and City,Roleplay & Avatar Sim,Life,3855,1335772877,2556034,988291,140749,0.8753,1.9135,0.00191352,0.01383095,2017-06-28,3187,mid,False,,28
2026-03-21,1359573625,Deepwoken: Ironsworn,RPG,RPG,Action RPG,3755,1512705704,984965,395145,60337,0.8675,0.6511,0.00065113,0.00464954,2019-10-12,2351,mid,False,,29
2026-03-21,111958650,Arsenal,Fighting,Shooter,Deathmatch Shooter,3161,6164516577,11454354,5081368,656100,0.8856,1.8581,0.00185811,0.01326206,2015-08-18,3868,established,False,,30
2026-03-21,113491250,Phantom Forces,FPS,Shooter,Deathmatch Shooter,1914,1757284603,5944297,2448205,247445,0.9082,3.3827,0.00338266,0.0232177,2015-08-31,3855,established,False,,31
2026-03-21,1008451066,Da Hood ,Town and City,Action,Open World Action,1886,2887295837,2982454,1283002,536604,0.7051,1.033,0.00103296,0.00549366,2019-01-27,2610,established,False,,32
2026-03-21,1511883870,Shindo Life [242],All,RPG,Action RPG,1878,2646945039,3004397,2175748,143996,0.9379,1.135,0.00113504,0.00802538,2020-01-20,2251,established,False,,33
2026-03-21,2316994223,Pet Simulator X! 🐾,All,Simulation,Incremental Simulator,1505,8970311336,5961767,4207188,394625,0.9142,0.6646,0.00066461,0.00444607,2021-01-22,1883,breakout,True,2022,34
2026-03-21,2471084,🌳 Lumber Tycoon 2,Adventure,Simulation,Tycoon,1470,1288956797,4571965,2008419,282049,0.8769,3.547,0.00354703,0.02268519,2009-07-30,6077,lower_mid,False,,35
2026-03-21,110181652,Epic Minigames ✨,All,Party & Casual,Minigame,1240,2305312790,8229990,2200415,232852,0.9043,3.57,0.00357001,0.0229979,2015-07-29,3888,lower_mid,False,,36
2026-03-21,1335695570,⚡Ninja Legends,Fighting,Simulation,Incremental Simulator,1224,2138975169,4671457,1600559,130156,0.9248,2.184,0.00218397,0.01436167,2019-09-22,2371,top,True,2020,37
2026-03-21,848145103,Dungeon Quest! ⚔️ RPG Adventure,Fighting,RPG,Action RPG,1181,2315669282,5767975,1153517,101892,0.9188,2.4908,0.00249085,0.01619235,2018-09-25,2733,mid,False,,38
2026-03-21,2404080894,Funky Friday,All,Action,Music & Rhythm,1132,1964307592,4067781,1945239,211380,0.902,2.0708,0.00207085,0.01313606,2021-02-26,1848,lower_mid,False,,39
2026-03-21,1434220026,My Restaurant! 👨‍🍳,All,Simulation,Tycoon,759,879424430,2671986,1076422,98830,0.9159,3.0383,0.00303833,0.01845942,2019-12-06,2297,established,False,,40
2026-03-21,83858907,Speed Run 4,Adventure,Obby & Platformer,,628,1719174789,4511557,1025056,363130,0.7384,2.6243,0.00262426,0.01248736,2014-10-20,4169,mid,False,,41
2026-03-21,1424449565,Super Golf!,Sports,Sports & Racing,Sports,340,246124315,954195,308641,78483,0.7973,3.8769,0.00387688,0.01802581,2019-11-29,2304,mid,False,,42
2026-03-21,1168263273,[🎃] Bad Business | FPS ,FPS,Shooter,Deathmatch Shooter,167,544772197,2179452,776098,131021,0.8556,4.0007,0.00400067,0.01753843,2019-05-29,2487,lower_mid,False,,43
2026-03-21,3183403065,[🤹APRIL FOOL'S🤡] AA,All,Strategy,Tower Defense,133,2507281886,1396802,720918,65147,0.9171,0.5571,0.0005571,0.00250244,2021-12-21,1551,established,False,,44
2026-03-21,140239261,🏠 MeepCity 🏠,Town and City,Roleplay & Avatar Sim,,107,16269267892,14758056,2882742,514208,0.8486,0.9071,0.00090711,0.0036043,2016-02-23,3678,top,True,2016,45
2026-03-21,1077961373,Giant Simulator,All,Simulation,Incremental Simulator,60,163503309,588308,175756,32878,0.8424,3.5981,0.00359814,0.01246056,2019-03-22,2556,lower_mid,False,,46
2026-03-21,81762198,[Sides] Vehicle Simulator,Town and City,Simulation,Vehicle Sim,11,665619226,3375947,1098849,133127,0.8919,5.0719,0.00507189,0.01124128,2014-08-08,4243,mid,False,,47
2026-03-21,1344222621,malymal91's Place,All,,,0,0,0,0,0,0.0,0.0,0.0,0.0,2019-09-29,2364,mid,False,,48
2026-03-21,67400893,efrenda's Place,All,,,0,0,0,0,0,0.0,0.0,0.0,0.0,2014-01-26,4436,lower_mid,False,,49
2026-03-21,1090335239,aleor3210's Place,All,,,0,0,0,0,0,0.0,0.0,0.0,0.0,2019-03-31,2546,lower_mid,False,,50
2026-03-21,2755335127,####'s Place,All,,,0,0,0,0,0,0.0,0.0,0.0,0.0,2021-07-19,1706,lower_mid,False,,51
2026-03-21,4494776745,chgcchfhcfvggjgvhc's Place,All,,,0,0,0,0,0,0.0,0.0,0.0,0.0,2023-03-19,1097,mid,False,,52
2026-03-21,4747349896,rgost1's Place,All,,,0,0,0,0,0,0.0,0.0,0.0,0.0,2023-06-07,1018,mid,False,,53
2026-03-21,1557606948,ProPro1052's Place,All,,,0,0,0,0,0,0.0,0.0,0.0,0.0,2020-02-17,2223,mid,False,,54
2026-03-21,498598030,puppyluver112232's Place,All,,,0,0,0,0,0,0.0,0.0,0.0,0.0,2017-12-05,3027,mid,False,,55
2026-03-22,383310974,[🧇] Adopt Me!,RPG,Roleplay & Avatar Sim,Pet Care,472610,42745909386,28664743,8874850,1497865,0.8556,0.6706,0.00067058,0.00749662,2017-07-14,3172,top,True,2019,1
2026-03-22,1686885941,Brookhaven 🏡RP,Town and City,Roleplay & Avatar Sim,Life,453290,80258200882,26656079,7839886,1286872,0.859,0.3321,0.00033213,0.00371582,2020-04-21,2161,top,True,2020,2
2026-03-22,7326934954,[🔨] 99 Nights in the Forest 🔦,All,Survival,,380908,25302542978,6696088,4628532,472749,0.9073,0.2646,0.00026464,0.00308557,2025-03-04,383,breakout,True,2026,3
2026-03-22,994732206,Blox Fruits,Adventure,RPG,Action RPG,352672,59974016860,18298362,11801837,1024118,0.9202,0.3051,0.0003051,0.00358601,2019-01-16,2622,top,True,2021,4
2026-03-22,6035872082,[🍀] RIVALS,FPS,Shooter,Deathmatch Shooter,352073,12965156402,65410193,8804771,516646,0.9446,5.0451,0.00504508,0.06086239,2024-05-26,664,breakout,True,2025,5
2026-03-22,66654135,Murder Mystery 2,Horror,Survival,1 vs All,139287,24531842296,21415904,9360663,947227,0.9081,0.873,0.00087298,0.00938972,2014-01-18,4445,top,True,2017,6
2026-03-22,3808081382,The Strongest Battlegrounds,Fighting,Action,Battlegrounds & Fighting,90833,17245988268,6669711,4862414,939219,0.8381,0.3867,0.00038674,0.00370054,2022-08-02,1327,breakout,True,2024,7
2026-03-22,601130232,Bee Swarm Simulator,Adventure,Simulation,Incremental Simulator,75812,4263230653,6407300,2944967,136855,0.9556,1.5029,0.00150292,0.01613696,2018-03-21,2922,top,True,2018,8
2026-03-22,7436755782,[👑] Grow a Garden 🌶️,All,Simulation,Tycoon,49468,34789503544,10521120,9072219,1037380,0.8974,0.3024,0.00030242,0.00293348,2025-03-25,361,breakout,True,2025,9
2026-03-22,5361032378,Sol's RNG [ BOSS RAID 2🔥],All,Simulation,Incremental Simulator,46391,1713464034,899279,1264951,128742,0.9076,0.5248,0.00052483,0.00511832,2023-12-03,840,breakout,True,2025,10
2026-03-22,5750914919,Fisch 🐟 [DREADFIN],Adventure,Simulation,,38246,4323871648,3213740,2782146,298636,0.9031,0.7433,0.00074326,0.00708246,2024-03-13,738,breakout,True,2025,11
2026-03-22,1720936166,[UPD] All Star Tower Defense,All,Strategy,Tower Defense,32972,7651491923,2298871,1467015,128956,0.9192,0.3004,0.00030045,0.00287313,2020-05-07,2145,established,False,,12
2026-03-22,1831550657,🌷 Creatures of Sonaria ✨ Survive Kaiju Animals,All,Roleplay & Avatar Sim,Animal Sim,27066,1862420581,9436378,1276037,105016,0.924,5.0667,0.00506673,0.04777922,2020-06-25,2095,lower_mid,False,,13
2026-03-22,7018190066,Dead Rails [Beta],All,Adventure,Exploration,26035,6104107241,5473024,3214100,249197,0.928,0.8966,0.00089661,0.00846014,2025-01-01,444,breakout,True,2025,14
2026-03-22,1235188606,[🍀] Dragon Adventures 🐉,Adventure,RPG,,19527,1531907812,12454984,1029477,74363,0.9326,8.1304,0.00813037,0.07491359,2019-07-15,2441,mid,False,,15
2026-03-22,3317679266,PLS DONATE 💸,All,Social,,19503,4916083227,4127494,3506151,255976,0.932,0.8396,0.00083959,0.00772947,2022-02-05,1505,breakout,True,2024,16
2026-03-22,4777817887,Blade Ball,Fighting,Action,Battlegrounds & Fighting,18494,6035242088,12159234,8059301,555195,0.9356,2.0147,0.00201471,0.01851923,2023-06-17,1009,breakout,True,2024,17
2026-03-22,210851291,Build A Boat For Treasure,Adventure,Simulation,Sandbox,17271,4935416879,8277333,3518061,252185,0.9331,1.6771,0.00167713,0.01526896,2016-11-02,3426,top,True,2017,18
2026-03-22,88070565,[🚪] Welcome to Bloxburg,Town and City,Roleplay & Avatar Sim,Life,13240,9849477798,13826682,5544902,733074,0.8832,1.4038,0.0014038,0.01176777,2014-11-04,4156,established,False,,19
2026-03-22,2440500124,DOORS [NEW BUNDLE 🍀],Adventure,Survival,Escape,12934,7268376156,7707371,4464091,341192,0.929,1.0604,0.0010604,0.00932668,2021-03-14,1834,breakout,True,2022,20
2026-03-22,5650396773,a dusty trip [🐺ANIMALS],Adventure,Adventure,,11611,2231853723,1966207,1928111,210211,0.9017,0.881,0.00088097,0.00743513,2024-02-16,764,mid,False,,21
2026-03-22,1176784616,🍀 Tower Defense Simulator 🍀,All,Strategy,Tower Defense,10621,4605535739,3361331,1956454,124452,0.9402,0.7298,0.00072985,0.00636151,2019-06-05,2482,established,False,,22
2026-03-22,1516533665,Piggy [LOVE HEARTS ❤️ ],Horror,Survival,,10401,14117614489,12050352,3951016,429775,0.9019,0.8536,0.00085357,0.00712073,2020-01-23,2250,established,False,,23
2026-03-22,245662005,[UPD] Jailbreak,Town and City,Action,Open World Action,10119,7835387903,18524810,5733197,804232,0.877,2.3642,0.00236425,0.01912145,2017-01-06,3361,top,True,2017,24
2026-03-22,372226183,⛩️Flee the Facility💕,Horror,Survival,1 vs All,8499,5466328965,9391937,2619363,227706,0.92,1.7181,0.00171814,0.01430214,2017-07-01,3186,lower_mid,False,,25
2026-03-22,321778215,Royale🌼High,All,Roleplay & Avatar Sim,Dress Up,8222,10368213889,13264785,3231442,531294,0.8588,1.2794,0.00127937,0.00990466,2017-04-10,3267,top,True,2018,26
2026-03-22,73885730,Prison Life,Town and City,Action,Open World Action,7100,2829448245,5789188,1467435,255102,0.8519,2.046,0.00204605,0.01545722,2014-05-02,4342,established,False,,27
2026-03-22,47545,🍕Work at a Pizza Place,Town and City,Roleplay & Avatar Sim,Life,6547,5442980219,13235138,3360864,259662,0.9283,2.4316,0.0024316,0.01983387,2008-03-28,6567,established,False,,28
2026-03-22,65241,Natural Disaster Survival,All,Survival,,6395,4166083486,11477800,4264349,431164,0.9082,2.7551,0.00275506,0.02192676,2008-03-28,6567,top,True,2014,29
2026-03-22,371263894,(🚘FIAT & ABARTH!) Greenville,Town and City,Roleplay & Avatar Sim,Life,5741,1336699747,2557007,988899,140838,0.8753,1.9129,0.00191293,0.01449332,2017-06-28,3188,mid,False,,30
2026-03-22,903807016,[👷] Emergency Response: Liberty County,Town and City,Roleplay & Avatar Sim,Life,4697,1450483922,2741580,1134612,112309,0.9099,1.8901,0.00189011,0.01454134,2018-11-01,2697,mid,False,,31
2026-03-22,31970568,Theme Park Tycoon 2,Building,Simulation,Tycoon,4546,1547701547,6000035,2037675,254773,0.8889,3.8767,0.00387674,0.02902209,2012-01-02,5193,established,False,,32
2026-03-22,1359573625,Deepwoken: Ironsworn,RPG,RPG,Action RPG,3975,1513519212,985177,395231,60339,0.8676,0.6509,0.00065092,0.0046803,2019-10-12,2352,mid,False,,33
2026-03-22,111958650,Arsenal,Fighting,Shooter,Deathmatch Shooter,3168,6165440875,11454651,5081649,656172,0.8856,1.8579,0.00185788,0.01326397,2015-08-18,3869,established,False,,34
2026-03-22,2324662457,[⛩️ JJK UPD] Anime Fighters Simulator ,Adventure,Simulation,Incremental Simulator,2399,1324783209,1569011,1146839,86677,0.9297,1.1844,0.00118435,0.00857035,2021-01-25,1881,mid,False,,35
2026-03-22,1511883870,Shindo Life [242],All,RPG,Action RPG,2132,2647132666,3004505,2175932,144000,0.9379,1.135,0.001135,0.0081601,2020-01-20,2252,established,False,,36
2026-03-22,1008451066,Da Hood ,Town and City,Action,Open World Action,2027,2887669791,2982527,1283099,536660,0.7051,1.0328,0.00103285,0.00554552,2019-01-27,2611,established,False,,37
2026-03-22,113491250,Phantom Forces,FPS,Shooter,Deathmatch Shooter,1983,1757545719,5944457,2448316,247465,0.9082,3.3822,0.00338225,0.02332354,2015-08-31,3856,established,False,,38
2026-03-22,2471084,🌳 Lumber Tycoon 2,Adventure,Simulation,Tycoon,1793,1289088078,4572124,2008528,282066,0.8769,3.5468,0.00354679,0.02330101,2009-07-30,6078,lower_mid,False,,39
2026-03-22,2316994223,Pet Simulator X! 🐾,All,Simulation,Incremental Simulator,1697,8970472147,5961808,4207317,394634,0.9142,0.6646,0.0006646,0.00451893,2021-01-22,1884,breakout,True,2022,40
2026-03-22,110181652,Epic Minigames ✨,All,Party & Casual,Minigame,1452,2305560286,8231356,2200817,232855,0.9043,3.5702,0.00357022,0.02350882,2015-07-29,3889,lower_mid,False,,41
2026-03-22,1335695570,⚡Ninja Legends,Fighting,Simulation,Incremental Simulator,1321,2139121120,4671630,1600699,130161,0.9248,2.1839,0.0021839,0.01451518,2019-09-22,2372,top,True,2020,42
2026-03-22,848145103,Dungeon Quest! ⚔️ RPG Adventure,Fighting,RPG,Action RPG,1243,2315874343,5769876,1153617,101900,0.9188,2.4914,0.00249145,0.01631329,2018-09-25,2734,mid,False,,43
2026-03-22,2404080894,Funky Friday,All,Action,Music & Rhythm,1133,1964551656,4067941,1945375,211407,0.902,2.0707,0.00207067,0.01313651,2021-02-26,1849,lower_mid,False,,44
2026-03-22,1434220026,My Restaurant! 👨‍🍳,All,Simulation,Tycoon,772,879483259,2672033,1076503,98834,0.9159,3.0382,0.00303819,0.01850576,2019-12-06,2298,established,False,,45
2026-03-22,83858907,Speed Run 4,Adventure,Obby & Platformer,,609,1719334526,4511753,1025137,363172,0.7384,2.6241,0.00262413,0.01242719,2014-10-20,4170,mid,False,,46
2026-03-22,1424449565,Super Golf!,Sports,Sports & Racing,Sports,316,246192910,954400,308702,78500,0.7973,3.8766,0.00387663,0.01779903,2019-11-29,2305,mid,False,,47
2026-03-22,1168263273,[🎃] Bad Business | FPS ,FPS,Shooter,Deathmatch Shooter,192,544807928,2179455,776111,131027,0.8556,4.0004,0.00400041,0.01801203,2019-05-29,2488,lower_mid,False,,48
2026-03-22,3183403065,[🤹APRIL FOOL'S🤡] AA,All,Strategy,Tower Defense,118,2507298540,1396731,720928,65149,0.9171,0.5571,0.00055707,0.00244164,2021-12-21,1552,established,False,,49
2026-03-22,140239261,🏠 MeepCity 🏠,Town and City,Roleplay & Avatar Sim,,99,16269316358,14757999,2882770,514250,0.8486,0.9071,0.00090711,0.003545,2016-02-23,3679,top,True,2016,50
2026-03-22,1077961373,Giant Simulator,All,Simulation,Incremental Simulator,57,163505202,588309,175758,32878,0.8424,3.5981,0.00359811,0.01230759,2019-03-22,2557,lower_mid,False,,51
2026-03-22,81762198,[Sides] Vehicle Simulator,Town and City,Simulation,Vehicle Sim,17,665622575,3375924,1098852,133129,0.8919,5.0718,0.00507183,0.01307536,2014-08-08,4244,mid,False,,52
2026-03-22,1344222621,malymal91's Place,All,,,0,0,0,0,0,0.0,0.0,0.0,0.0,2019-09-29,2365,mid,False,,53
2026-03-22,67400893,efrenda's Place,All,,,0,0,0,0,0,0.0,0.0,0.0,0.0,2014-01-26,4437,lower_mid,False,,54
2026-03-22,1090335239,aleor3210's Place,All,,,0,0,0,0,0,0.0,0.0,0.0,0.0,2019-03-31,2547,lower_mid,False,,55
2026-03-22,2755335127,####'s Place,All,,,0,0,0,0,0,0.0,0.0,0.0,0.0,2021-07-19,1707,lower_mid,False,,56
2026-03-22,4494776745,chgcchfhcfvggjgvhc's Place,All,,,0,0,0,0,0,0.0,0.0,0.0,0.0,2023-03-19,1098,mid,False,,57
2026-03-22,4747349896,rgost1's Place,All,,,0,0,0,0,0,0.0,0.0,0.0,0.0,2023-06-07,1019,mid,False,,58
2026-03-22,1557606948,ProPro1052's Place,All,,,0,0,0,0,0,0.0,0.0,0.0,0.0,2020-02-17,2224,mid,False,,59
2026-03-22,498598030,puppyluver112232's Place,All,,,0,0,0,0,0,0.0,0.0,0.0,0.0,2017-12-05,3028,mid,False,,60
2026-03-23,383310974,[🧇] Adopt Me!,RPG,Roleplay & Avatar Sim,Pet Care,409257,42765189891,28673038,8881026,1497911,0.8557,0.6705,0.00067048,0.00741356,2017-07-14,3173,top,True,2019,1
2026-03-23,1686885941,Brookhaven 🏡RP,Town and City,Roleplay & Avatar Sim,Life,297852,80307609420,26677899,7845811,1287846,0.859,0.3322,0.0003322,0.00359674,2020-04-21,2162,top,True,2020,2
2026-03-23,994732206,Blox Fruits,Adventure,RPG,Action RPG,293516,60000228113,18307982,11807418,1024417,0.9202,0.3051,0.00030513,0.00353483,2019-01-16,2623,top,True,2021,3
2026-03-23,7326934954,[🔨] 99 Nights in the Forest 🔦,All,Survival,,226594,25334873273,6714795,4634011,473639,0.9073,0.265,0.00026504,0.00296514,2025-03-04,384,breakout,True,2026,4
2026-03-23,6035872082,[🍀] RIVALS,FPS,Shooter,Deathmatch Shooter,208391,13003898732,65605513,8819384,518161,0.9445,5.0451,0.00504506,0.05835906,2024-05-26,665,breakout,True,2025,5
2026-03-23,66654135,Murder Mystery 2,Horror,Survival,1 vs All,112535,24554622031,21426954,9365692,947742,0.9081,0.8726,0.00087262,0.00921684,2014-01-18,4446,top,True,2017,6
2026-03-23,601130232,Bee Swarm Simulator,Adventure,Simulation,Incremental Simulator,69698,4267363567,6408091,2945726,136883,0.9556,1.5017,0.00150165,0.01600271,2018-03-21,2923,top,True,2018,7
2026-03-23,3808081382,The Strongest Battlegrounds,Fighting,Action,Battlegrounds & Fighting,66464,17260728294,6674941,4865226,939798,0.8381,0.3867,0.00038671,0.00359901,2022-08-02,1329,breakout,True,2024,8
2026-03-23,5361032378,Sol's RNG [ BOSS RAID 2🔥],All,Simulation,Incremental Simulator,43326,1715166984,899736,1265622,128753,0.9077,0.5246,0.00052458,0.00508351,2023-12-03,841,breakout,True,2025,9
2026-03-23,7436755782,[👑] Grow a Garden 🌶️,All,Simulation,Tycoon,37129,34794605457,10526870,9074952,1037675,0.8974,0.3025,0.00030254,0.00285676,2025-03-25,362,breakout,True,2025,10
2026-03-23,5750914919,Fisch 🐟 [DREADFIN],Adventure,Simulation,,27419,4326162275,3216262,2783311,298705,0.9031,0.7434,0.00074344,0.00686096,2024-03-13,739,breakout,True,2025,11
2026-03-23,1720936166,[UPD] All Star Tower Defense,All,Strategy,Tower Defense,24747,7658637925,2299691,1468395,128924,0.9193,0.3003,0.00030027,0.00279254,2020-05-07,2146,established,False,,12
2026-03-23,1831550657,🌷 Creatures of Sonaria ✨ Survive Kaiju Animals,All,Roleplay & Avatar Sim,Animal Sim,18343,1864495099,9448758,1277050,105086,0.924,5.0677,0.00506773,0.04596761,2020-06-25,2096,lower_mid,False,,13
2026-03-23,3317679266,PLS DONATE 💸,All,Social,,16495,4920072431,4131049,3508354,256182,0.9319,0.8396,0.00083963,0.0075987,2022-02-05,1506,breakout,True,2024,14
2026-03-23,7018190066,Dead Rails [Beta],All,Adventure,Exploration,16168,6106754240,5477241,3215069,249397,0.928,0.8969,0.00089692,0.00806617,2025-01-01,445,breakout,True,2025,15
2026-03-23,4777817887,Blade Ball,Fighting,Action,Battlegrounds & Fighting,13815,6037968988,12164762,8061943,555414,0.9355,2.0147,0.00201471,0.01796944,2023-06-17,1010,breakout,True,2024,16
2026-03-23,1235188606,[🍀] Dragon Adventures 🐉,Adventure,RPG,,11580,1533629709,12470371,1030413,74415,0.9326,8.1313,0.00813128,0.07096068,2019-07-15,2442,mid,False,,17
2026-03-23,210851291,Build A Boat For Treasure,Adventure,Simulation,Sandbox,11105,4936880703,8278596,3518922,252232,0.9331,1.6769,0.00167689,0.01457584,2016-11-02,3427,top,True,2017,18
2026-03-23,88070565,[🚪] Welcome to Bloxburg,Town and City,Roleplay & Avatar Sim,Life,8186,9850863805,13827593,5545431,733090,0.8832,1.4037,0.00140369,0.01117094,2014-11-04,4157,established,False,,19
2026-03-23,5650396773,a dusty trip [🐺ANIMALS],Adventure,Adventure,,7559,2233910634,1967941,1928832,210301,0.9017,0.8809,0.00088094,0.0070939,2024-02-16,765,mid,False,,20
2026-03-23,2440500124,DOORS [NEW BUNDLE 🍀],Adventure,Survival,Escape,7072,7270449376,7709090,4464987,341275,0.929,1.0603,0.00106033,0.00873145,2021-03-14,1835,breakout,True,2022,21
2026-03-23,1176784616,Tower Defense Simulator,All,Strategy,Tower Defense,6745,4606760429,3362100,1957115,124484,0.9402,0.7298,0.00072982,0.00604979,2019-06-05,2483,established,False,,22
2026-03-23,245662005,[UPD] Jailbreak,Town and City,Action,Open World Action,6290,7836721326,18525558,5733637,804272,0.877,2.3639,0.00236394,0.01813348,2017-01-06,3362,top,True,2017,23
2026-03-23,372226183,⛩️Flee the Facility💕,Horror,Survival,1 vs All,6149,5469448488,9393364,2620393,227787,0.92,1.7174,0.00171742,0.01378487,2017-07-01,3187,lower_mid,False,,24
2026-03-23,321778215,Royale🌼High,All,Roleplay & Avatar Sim,Dress Up,5476,10368881517,13264984,3231676,531298,0.8588,1.2793,0.00127931,0.00945779,2017-04-10,3268,top,True,2018,25
2026-03-23,73885730,Prison Life,Town and City,Action,Open World Action,5325,2830680565,5790256,1467916,255195,0.8519,2.0455,0.00204553,0.01495203,2014-05-02,4343,established,False,,26
2026-03-23,1516533665,Piggy [LOVE HEARTS ❤️ ],Horror,Survival,,4905,14119753403,12051578,3951946,429835,0.9019,0.8535,0.00085353,0.00654191,2020-01-23,2251,established,False,,27
2026-03-23,65241,Natural Disaster Survival,All,Survival,,4545,4167858278,11479804,4265326,431251,0.9082,2.7544,0.00275437,0.02106724,2008-03-28,6568,top,True,2014,28
2026-03-23,47545,🍕Work at a Pizza Place,Town and City,Roleplay & Avatar Sim,Life,4527,5443840155,13236918,3361515,259691,0.9283,2.4315,0.00243154,0.0190009,2008-03-28,6568,established,False,,29
2026-03-23,903807016,[🏥] Emergency Response: Liberty County,Town and City,Roleplay & Avatar Sim,Life,3508,1451498780,2742184,1135079,112327,0.91,1.8892,0.00188921,0.01403307,2018-11-01,2698,mid,False,,30
2026-03-23,371263894,(🚘FIAT & ABARTH!) Greenville,Town and City,Roleplay & Avatar Sim,Life,2966,1337382860,2557905,989286,140893,0.8753,1.9126,0.00191262,0.01338562,2017-06-28,3189,mid,False,,31
2026-03-23,31970568,Theme Park Tycoon 2,Building,Simulation,Tycoon,2639,1548007492,6000393,2037865,254779,0.8889,3.8762,0.0038762,0.02714506,2012-01-02,5194,established,False,,32
2026-03-23,111958650,Arsenal,Fighting,Shooter,Deathmatch Shooter,2467,6166280430,11454964,5081951,656217,0.8856,1.8577,0.00185768,0.01285119,2015-08-18,3870,established,False,,33
2026-03-23,1359573625,Deepwoken: Ironsworn,RPG,RPG,Action RPG,2321,1514219102,985405,395313,60366,0.8675,0.6508,0.00065077,0.00437542,2019-10-12,2353,mid,False,,34
2026-03-23,2324662457,[⛩️ JJK UPD] Anime Fighters Simulator ,Adventure,Simulation,Incremental Simulator,1952,1324886460,1569028,1146888,86685,0.9297,1.1843,0.00118427,0.00834281,2021-01-25,1882,mid,False,,35
2026-03-23,1008451066,Da Hood ,Town and City,Action,Open World Action,1503,2888021832,2982616,1283189,536698,0.7051,1.0328,0.00103275,0.00532733,2019-01-27,2612,established,False,,36
2026-03-23,113491250,Phantom Forces,FPS,Shooter,Deathmatch Shooter,1443,1757781660,5944616,2448427,247474,0.9082,3.3819,0.00338189,0.02234526,2015-08-31,3857,established,False,,37
2026-03-23,1511883870,Shindo Life [242],All,RPG,Action RPG,1335,2647306607,3004638,2176099,144006,0.9379,1.135,0.00113498,0.0076619,2020-01-20,2253,established,False,,38
2026-03-23,2316994223,Pet Simulator X! 🐾,All,Simulation,Incremental Simulator,1198,8970621173,5961829,4207435,394639,0.9142,0.6646,0.00066459,0.00430745,2021-01-22,1885,breakout,True,2022,39
2026-03-23,110181652,Epic Minigames ✨,All,Party & Casual,Minigame,1031,2305800213,8232697,2201172,232870,0.9043,3.5704,0.00357043,0.02240573,2015-07-29,3890,lower_mid,False,,40
2026-03-23,2471084,🌳 Lumber Tycoon 2,Adventure,Simulation,Tycoon,1024,1289217120,4572330,2008645,282074,0.8769,3.5466,0.00354659,0.02155904,2009-07-30,6079,lower_mid,False,,41
2026-03-23,1335695570,⚡Ninja Legends,Fighting,Simulation,Incremental Simulator,933,2139260437,4671811,1600841,130168,0.9248,2.1838,0.00218384,0.01381317,2019-09-22,2373,top,True,2020,42
2026-03-23,848145103,Dungeon Quest! ⚔️ RPG Adventure,Fighting,RPG,Action RPG,930,2316066264,5771655,1153714,101905,0.9188,2.492,0.00249201,0.01565338,2018-09-25,2735,mid,False,,43
2026-03-23,2404080894,Funky Friday,All,Action,Music & Rhythm,781,1964759245,4068061,1945499,211414,0.902,2.0705,0.00207051,0.01244147,2021-02-26,1850,lower_mid,False,,44
2026-03-23,1434220026,My Restaurant! 👨‍🍳,All,Simulation,Tycoon,585,879539881,2672078,1076588,98840,0.9159,3.038,0.00303804,0.01773425,2019-12-06,2299,established,False,,45
2026-03-23,83858907,Speed Run 4,Adventure,Obby & Platformer,,370,1719475866,4511972,1025209,363189,0.7384,2.624,0.00262404,0.01146335,2014-10-20,4171,mid,False,,46
2026-03-23,1424449565,Super Golf!,Sports,Sports & Racing,Sports,242,246252042,954612,308744,78520,0.7972,3.8766,0.00387656,0.01697669,2019-11-29,2306,mid,False,,47
2026-03-23,1168263273,[🎃] Bad Business | FPS ,FPS,Shooter,Deathmatch Shooter,142,544839932,2179457,776134,131031,0.8556,4.0002,0.00400018,0.0169848,2019-05-29,2489,lower_mid,False,,48
2026-03-23,3183403065,[🤹APRIL FOOL'S🤡] AA,All,Strategy,Tower Defense,98,2507312803,1396675,720940,65153,0.9171,0.557,0.00055704,0.00234752,2021-12-21,1553,established,False,,49
2026-03-23,140239261,🏠 MeepCity 🏠,Town and City,Roleplay & Avatar Sim,,55,16269365821,14757966,2882806,514281,0.8486,0.9071,0.0009071,0.00309862,2016-02-23,3680,top,True,2016,50
2026-03-23,1077961373,Giant Simulator,All,Simulation,Incremental Simulator,51,163506839,588297,175758,32878,0.8424,3.598,0.003598,0.01197624,2019-03-22,2558,lower_mid,False,,51
2026-03-23,81762198,[Sides] Vehicle Simulator,Town and City,Simulation,Vehicle Sim,6,665625924,3375922,1098857,133129,0.8919,5.0718,0.0050718,0.00880279,2014-08-08,4245,mid,False,,52
2026-03-23,1344222621,malymal91's Place,All,,,0,0,0,0,0,0.0,0.0,0.0,0.0,2019-09-29,2366,mid,False,,53
2026-03-23,67400893,efrenda's Place,All,,,0,0,0,0,0,0.0,0.0,0.0,0.0,2014-01-26,4438,lower_mid,False,,54
2026-03-23,1090335239,aleor3210's Place,All,,,0,0,0,0,0,0.0,0.0,0.0,0.0,2019-03-31,2549,lower_mid,False,,55
2026-03-23,2755335127,####'s Place,All,,,0,0,0,0,0,0.0,0.0,0.0,0.0,2021-07-19,1708,lower_mid,False,,56
2026-03-23,4494776745,chgcchfhcfvggjgvhc's Place,All,,,0,0,0,0,0,0.0,0.0,0.0,0.0,2023-03-19,1099,mid,False,,57
2026-03-23,4747349896,rgost1's Place,All,,,0,0,0,0,0,0.0,0.0,0.0,0.0,2023-06-07,1020,mid,False,,58
2026-03-23,1557606948,ProPro1052's Place,All,,,0,0,0,0,0,0.0,0.0,0.0,0.0,2020-02-17,2225,mid,False,,59
2026-03-23,498598030,puppyluver112232's Place,All,,,0,0,0,0,0,0.0,0.0,0.0,0.0,2017-12-05,3029,mid,False,,60
2026-03-24,383310974,[🧇] Adopt Me!,RPG,Roleplay & Avatar Sim,Pet Care,413503,42780355619,28679462,8885322,1497941,0.8557,0.6704,0.00067039,0.00741901,2017-07-14,3174,top,True,2019,1
2026-03-24,1686885941,Brookhaven 🏡RP,Town and City,Roleplay & Avatar Sim,Life,294973,80346250920,26695067,7850199,1288579,0.859,0.3323,0.00033225,0.00359454,2020-04-21,2163,top,True,2020,2
2026-03-24,994732206,Blox Fruits,Adventure,RPG,Action RPG,289992,60022565279,18315895,11812052,1024595,0.9202,0.3052,0.00030515,0.00353171,2019-01-16,2624,top,True,2021,3
2026-03-24,6035872082,RIVALS,FPS,Shooter,Deathmatch Shooter,216373,13034645476,65757796,8830128,519308,0.9445,5.0448,0.00504485,0.05853241,2024-05-26,666,breakout,True,2025,4
2026-03-24,66654135,Murder Mystery 2,Horror,Survival,1 vs All,113218,24573442595,21435481,9369676,948151,0.9081,0.8723,0.0008723,0.00921823,2014-01-18,4447,top,True,2017,5
2026-03-24,601130232,Bee Swarm Simulator,Adventure,Simulation,Incremental Simulator,68240,4271500587,6408657,2946331,136910,0.9556,1.5003,0.00150033,0.01595831,2018-03-21,2924,top,True,2018,6
2026-03-24,3808081382,The Strongest Battlegrounds,Fighting,Action,Battlegrounds & Fighting,65303,17272884825,6679033,4867317,940308,0.8381,0.3867,0.00038668,0.00359291,2022-08-02,1330,breakout,True,2024,7
2026-03-24,5361032378,Sol's RNG [ BOSS RAID 2🔥],All,Simulation,Incremental Simulator,42436,1716790888,900109,1266220,128762,0.9077,0.5243,0.0005243,0.00507111,2023-12-03,842,breakout,True,2025,8
2026-03-24,5750914919,Fisch 🐟 [DREADFIN],Adventure,Simulation,,26355,4327879795,3218184,2784150,298767,0.9031,0.7436,0.00074359,0.00683582,2024-03-13,740,breakout,True,2025,9
2026-03-24,1720936166,[UPD] All Star Tower Defense,All,Strategy,Tower Defense,25079,7664485242,2300303,1469269,128910,0.9193,0.3001,0.00030012,0.00279499,2020-05-07,2147,established,False,,10
2026-03-24,1831550657,🌷 Creatures of Sonaria ✨ Survive Kaiju Animals,All,Roleplay & Avatar Sim,Animal Sim,18120,1866094560,9456662,1277720,105143,0.924,5.0676,0.00506762,0.0459093,2020-06-25,2097,lower_mid,False,,11
2026-03-24,3317679266,PLS DONATE 💸,All,Social,,15643,4923336860,4133799,3510141,256325,0.9319,0.8396,0.00083963,0.00755719,2022-02-05,1507,breakout,True,2024,12
2026-03-24,4777817887,Blade Ball,Fighting,Action,Battlegrounds & Fighting,13481,6040200501,12169045,8063837,555609,0.9355,2.0147,0.00201468,0.01792287,2023-06-17,1011,breakout,True,2024,13
2026-03-24,210851291,Build A Boat For Treasure,Adventure,Simulation,Sandbox,10978,4937980932,8279425,3519501,252285,0.9331,1.6767,0.00167668,0.01455601,2016-11-02,3428,top,True,2017,14
2026-03-24,1235188606,[🍀] Dragon Adventures 🐉,Adventure,RPG,,10858,1534814671,12475993,1030872,74437,0.9327,8.1287,0.00812866,0.07045056,2019-07-15,2443,mid,False,,15
2026-03-24,88070565,[🚪] Welcome to Bloxburg,Town and City,Roleplay & Avatar Sim,Life,8009,9851849793,13828127,5545799,733099,0.8832,1.4036,0.00140361,0.01114322,2014-11-04,4158,established,False,,16
2026-03-24,5650396773,a dusty trip [🐺ANIMALS],Adventure,Adventure,,7085,2235263341,1969080,1929291,210351,0.9017,0.8809,0.00088092,0.00704227,2024-02-16,766,mid,False,,17
2026-03-24,2440500124,DOORS [NEW BUNDLE 🍀],Adventure,Survival,Escape,6944,7271950117,7710458,4465657,341321,0.929,1.0603,0.0010603,0.00871322,2021-03-14,1836,breakout,True,2022,18
2026-03-24,245662005,[UPD] Jailbreak,Town and City,Action,Open World Action,6327,7837799205,18526030,5733893,804324,0.877,2.3637,0.00236368,0.01814356,2017-01-06,3363,top,True,2017,19
2026-03-24,372226183,⛩️Flee the Facility💕,Horror,Survival,1 vs All,5812,5471686918,9394331,2621044,227851,0.92,1.7169,0.0017169,0.01369159,2017-07-01,3188,lower_mid,False,,20
2026-03-24,321778215,Royale🌼High,All,Roleplay & Avatar Sim,Dress Up,5424,10369414756,13265172,3231855,531313,0.8588,1.2793,0.00127926,0.00944699,2017-04-10,3269,top,True,2018,21
2026-03-24,1516533665,Piggy [LOVE HEARTS ❤️ ],Horror,Survival,,4599,14121205672,12052559,3952555,429890,0.9019,0.8535,0.00085351,0.00649221,2020-01-23,2252,established,False,,22
2026-03-24,65241,Natural Disaster Survival,All,Survival,,4546,4169275956,11481389,4266055,431310,0.9082,2.7538,0.00275381,0.0210636,2008-03-28,6569,top,True,2014,23
2026-03-24,47545,🍕Work at a Pizza Place,Town and City,Roleplay & Avatar Sim,Life,4263,5444576784,13238391,3362012,259729,0.9283,2.4315,0.00243148,0.01886485,2008-03-28,6569,established,False,,24
2026-03-24,111958650,Arsenal,Fighting,Shooter,Deathmatch Shooter,2480,6166966607,11455227,5082174,656254,0.8856,1.8575,0.00185751,0.01285868,2015-08-18,3871,established,False,,25
2026-03-24,31970568,Theme Park Tycoon 2,Building,Simulation,Tycoon,2438,1548225751,6000647,2038017,254787,0.8889,3.8758,0.00387582,0.02686969,2012-01-02,5195,established,False,,26
2026-03-24,1359573625,Deepwoken: Ironsworn,RPG,RPG,Action RPG,2376,1514742320,985570,395388,60375,0.8675,0.6507,0.00065065,0.00438788,2019-10-12,2354,mid,False,,27
2026-03-24,113491250,Phantom Forces,FPS,Shooter,Deathmatch Shooter,1426,1757980364,5944759,2448502,247487,0.9082,3.3816,0.00338158,0.02230685,2015-08-31,3858,established,False,,28
2026-03-24,1008451066,Da Hood ,Town and City,Action,Open World Action,1402,2888306365,2982675,1283271,536709,0.7051,1.0327,0.00103267,0.00527637,2019-01-27,2613,established,False,,29
2026-03-24,1511883870,Shindo Life [242],All,RPG,Action RPG,1246,2647429076,3004727,2176219,144020,0.9379,1.135,0.00113496,0.00758837,2020-01-20,2254,established,False,,30
2026-03-24,2316994223,Pet Simulator X! 🐾,All,Simulation,Incremental Simulator,1171,8970743234,5961846,4207516,394640,0.9142,0.6646,0.00066459,0.00429358,2021-01-22,1886,breakout,True,2022,31
2026-03-24,110181652,Epic Minigames ✨,All,Party & Casual,Minigame,1092,2306001101,8233741,2201453,232882,0.9043,3.5706,0.00357057,0.02259222,2015-07-29,3891,lower_mid,False,,32
2026-03-24,2471084,🌳 Lumber Tycoon 2,Adventure,Simulation,Tycoon,1046,1289321281,4572486,2008728,282078,0.8769,3.5464,0.00354643,0.02162415,2009-07-30,6080,lower_mid,False,,33
2026-03-24,1335695570,⚡Ninja Legends,Fighting,Simulation,Incremental Simulator,913,2139366236,4671944,1600945,130175,0.9248,2.1838,0.0021838,0.01376918,2019-09-22,2374,top,True,2020,34
2026-03-24,2404080894,Funky Friday,All,Action,Music & Rhythm,758,1964921270,4068149,1945589,211422,0.902,2.0704,0.00207039,0.01238497,2021-02-26,1851,lower_mid,False,,35
2026-03-24,1434220026,My Restaurant! 👨‍🍳,All,Simulation,Tycoon,600,879583475,2672092,1076644,98843,0.9159,3.0379,0.00303791,0.01780382,2019-12-06,2300,established,False,,36
2026-03-24,83858907,Speed Run 4,Adventure,Obby & Platformer,,417,1719584009,4512104,1025264,363215,0.7384,2.624,0.00262395,0.01169402,2014-10-20,4172,mid,False,,37
2026-03-24,1424449565,Super Golf!,Sports,Sports & Racing,Sports,253,246306105,954811,308794,78532,0.7972,3.8765,0.00387652,0.01711336,2019-11-29,2307,mid,False,,38
2026-03-24,3183403065,[🤹APRIL FOOL'S🤡] AA,All,Strategy,Tower Defense,97,2507324877,1396642,720949,65155,0.9171,0.557,0.00055702,0.00234226,2021-12-21,1554,established,False,,39
2026-03-24,140239261,🏠 MeepCity 🏠,Town and City,Roleplay & Avatar Sim,,59,16269400810,14757960,2882835,514303,0.8486,0.9071,0.0009071,0.00315171,2016-02-23,3681,top,True,2016,40
2026-03-24,81762198,[Sides] Vehicle Simulator,Town and City,Simulation,Vehicle Sim,14,665628750,3375915,1098866,133129,0.8919,5.0718,0.00507177,0.01225045,2014-08-08,4246,mid,False,,41
2026-03-24,1344222621,malymal91's Place,All,,,0,0,0,0,0,0.0,0.0,0.0,0.0,2019-09-29,2367,mid,False,,42
2026-03-24,67400893,efrenda's Place,All,,,0,0,0,0,0,0.0,0.0,0.0,0.0,2014-01-26,4439,lower_mid,False,,43
2026-03-24,1090335239,aleor3210's Place,All,,,0,0,0,0,0,0.0,0.0,0.0,0.0,2019-03-31,2550,lower_mid,False,,44
2026-03-24,2755335127,####'s Place,All,,,0,0,0,0,0,0.0,0.0,0.0,0.0,2021-07-19,1709,lower_mid,False,,45
2026-03-24,4494776745,chgcchfhcfvggjgvhc's Place,All,,,0,0,0,0,0,0.0,0.0,0.0,0.0,2023-03-19,1100,mid,False,,46
2026-03-24,4747349896,rgost1's Place,All,,,0,0,0,0,0,0.0,0.0,0.0,0.0,2023-06-07,1021,mid,False,,47
2026-03-24,1557606948,ProPro1052's Place,All,,,0,0,0,0,0,0.0,0.0,0.0,0.0,2020-02-17,2226,mid,False,,48
2026-03-25,383310974,[🧇] Adopt Me!,RPG,Roleplay & Avatar Sim,Pet Care,403268,42794809290,28685393,8889508,1497905,0.8558,0.6703,0.0006703,0.00740419,2017-07-14,3175,top,True,2019,1
2026-03-25,1686885941,Brookhaven 🏡RP,Town and City,Roleplay & Avatar Sim,Life,317331,80383238961,26711386,7854278,1289162,0.859,0.3323,0.0003323,0.00361598,2020-04-21,2164,top,True,2020,2
2026-03-25,994732206,Blox Fruits,Adventure,RPG,Action RPG,294721,60044292176,18324051,11816548,1024843,0.9202,0.3052,0.00030518,0.00353659,2019-01-16,2625,top,True,2021,3
2026-03-25,6035872082,RIVALS,FPS,Shooter,Deathmatch Shooter,213487,13065880177,65909564,8840841,520483,0.9444,5.0444,0.0050444,0.05845988,2024-05-26,667,breakout,True,2025,4
2026-03-25,66654135,Murder Mystery 2,Horror,Survival,1 vs All,112615,24591738794,21443943,9373452,948607,0.9081,0.872,0.000872,0.00921071,2014-01-18,4448,top,True,2017,5
2026-03-25,601130232,Bee Swarm Simulator,Adventure,Simulation,Incremental Simulator,66011,4275594635,6409295,2946853,136932,0.9556,1.499,0.00149904,0.01589706,2018-03-21,2925,top,True,2018,6
2026-03-25,3808081382,The Strongest Battlegrounds,Fighting,Action,Battlegrounds & Fighting,65998,17284750851,6683156,4869348,940836,0.8381,0.3867,0.00038665,0.00359601,2022-08-02,1331,breakout,True,2024,7
2026-03-25,5361032378,Sol's RNG [ BOSS RAID 2🔥],All,Simulation,Incremental Simulator,41642,1718394997,900532,1266833,128775,0.9077,0.5241,0.00052405,0.00505996,2023-12-03,843,breakout,True,2025,8
2026-03-25,5750914919,Fisch 🐟 [DREADFIN],Adventure,Simulation,,24753,4329479280,3220199,2784900,298807,0.9031,0.7438,0.00074378,0.00679554,2024-03-13,741,breakout,True,2025,9
2026-03-25,1720936166,[UPD] All Star Tower Defense,All,Strategy,Tower Defense,22992,7670073471,2300810,1470037,128898,0.9194,0.3,0.00029997,0.00276974,2020-05-07,2148,established,False,,10
2026-03-25,1831550657,🌷 Creatures of Sonaria ✨ Survive Kaiju Animals,All,Roleplay & Avatar Sim,Animal Sim,17237,1867633396,9463856,1278421,105190,0.924,5.0673,0.0050673,0.04567283,2020-06-25,2098,lower_mid,False,,11
2026-03-25,3317679266,PLS DONATE 💸,All,Social,,17049,4926513664,4136355,3511788,256489,0.9319,0.8396,0.00083961,0.00762424,2022-02-05,1508,breakout,True,2024,12
2026-03-25,4777817887,Blade Ball,Fighting,Action,Battlegrounds & Fighting,13787,6042418224,12173533,8065832,555764,0.9355,2.0147,0.00201468,0.01796516,2023-06-17,1012,breakout,True,2024,13
2026-03-25,210851291,Build A Boat For Treasure,Adventure,Simulation,Sandbox,11176,4939037722,8280332,3520091,252322,0.9331,1.6765,0.00167651,0.01458247,2016-11-02,3429,top,True,2017,14
2026-03-25,1235188606,[🍀] Dragon Adventures 🐉,Adventure,RPG,,10161,1535914181,12481292,1031186,74458,0.9327,8.1263,0.0081263,0.06992735,2019-07-15,2444,mid,False,,15
2026-03-25,88070565,[🚪] Welcome to Bloxburg,Town and City,Roleplay & Avatar Sim,Life,8053,9852770376,13828634,5546152,733125,0.8832,1.4035,0.00140353,0.01114942,2014-11-04,4159,established,False,,16
2026-03-25,5650396773,a dusty trip [🐺ANIMALS],Adventure,Adventure,,7482,2236543906,1970094,1929703,210414,0.9017,0.8809,0.00088087,0.0070851,2024-02-16,767,mid,False,,17
2026-03-25,2440500124,DOORS [NEW BUNDLE 🍀],Adventure,Survival,Escape,6884,7273370300,7711717,4466315,341365,0.929,1.0603,0.00106027,0.0087044,2021-03-14,1837,breakout,True,2022,18
2026-03-25,245662005,[UPD] Jailbreak,Town and City,Action,Open World Action,6125,7838845635,18526463,5734172,804371,0.877,2.3634,0.00236342,0.0180743,2017-01-06,3364,top,True,2017,19
2026-03-25,321778215,Royale🌼High,All,Roleplay & Avatar Sim,Dress Up,5587,10369922257,13265338,3232021,531323,0.8588,1.2792,0.00127921,0.00947921,2017-04-10,3270,top,True,2018,20
2026-03-25,372226183,⛩️Flee the Facility💕,Horror,Survival,1 vs All,5496,5473800013,9395226,2621689,227913,0.92,1.7164,0.0017164,0.01359932,2017-07-01,3189,lower_mid,False,,21
2026-03-25,65241,Natural Disaster Survival,All,Survival,,5140,4170752899,11482945,4266800,431370,0.9082,2.7532,0.00275321,0.02136607,2008-03-28,6570,top,True,2014,22
2026-03-25,1516533665,Piggy [LOVE HEARTS ❤️ ],Horror,Survival,,4943,14122534423,12053492,3953131,429936,0.9019,0.8535,0.00085349,0.00654765,2020-01-23,2253,established,False,,23
2026-03-25,47545,🍕Work at a Pizza Place,Town and City,Roleplay & Avatar Sim,Life,4820,5445258156,13239761,3362503,259739,0.9283,2.4314,0.00243143,0.0191417,2008-03-28,6570,established,False,,24
2026-03-25,31970568,Theme Park Tycoon 2,Building,Simulation,Tycoon,2626,1548444849,6000894,2038161,254798,0.8889,3.8754,0.00387543,0.02712287,2012-01-02,5196,established,False,,25
2026-03-25,111958650,Arsenal,Fighting,Shooter,Deathmatch Shooter,2548,6167648770,11455460,5082390,656312,0.8856,1.8573,0.00185735,0.01290193,2015-08-18,3872,established,False,,26
2026-03-25,1359573625,Deepwoken: Ironsworn,RPG,RPG,Action RPG,2293,1515251950,985701,395459,60378,0.8675,0.6505,0.00065052,0.00436701,2019-10-12,2355,mid,False,,27
2026-03-25,113491250,Phantom Forces,FPS,Shooter,Deathmatch Shooter,1469,1758183104,5944895,2448595,247488,0.9082,3.3813,0.00338127,0.02239603,2015-08-31,3859,established,False,,28
2026-03-25,1008451066,Da Hood ,Town and City,Action,Open World Action,1342,2888572651,2982737,1283324,536744,0.7051,1.0326,0.0010326,0.00524413,2019-01-27,2614,established,False,,29
2026-03-25,1511883870,Shindo Life [242],All,RPG,Action RPG,1204,2647544339,3004800,2176324,144024,0.9379,1.1349,0.00113494,0.00755176,2020-01-20,2255,established,False,,30
2026-03-25,2316994223,Pet Simulator X! 🐾,All,Simulation,Incremental Simulator,1187,8970869922,5961870,4207608,394643,0.9143,0.6646,0.00066458,0.00430178,2021-01-22,1887,breakout,True,2022,31
2026-03-25,110181652,Epic Minigames ✨,All,Party & Casual,Minigame,1125,2306213346,8234821,2201755,232888,0.9043,3.5707,0.00357071,0.02268939,2015-07-29,3892,lower_mid,False,,32
2026-03-25,2471084,🌳 Lumber Tycoon 2,Adventure,Simulation,Tycoon,1114,1289425105,4572590,2008793,282078,0.8769,3.5462,0.00354622,0.02181866,2009-07-30,6081,lower_mid,False,,33
2026-03-25,1335695570,⚡Ninja Legends,Fighting,Simulation,Incremental Simulator,950,2139460301,4672049,1601009,130186,0.9248,2.1838,0.00218375,0.01384898,2019-09-22,2375,top,True,2020,34
2026-03-25,2404080894,Funky Friday,All,Action,Music & Rhythm,793,1965080400,4068223,1945656,211430,0.902,2.0703,0.00207026,0.01246837,2021-02-26,1852,lower_mid,False,,35
2026-03-25,1434220026,My Restaurant! 👨‍🍳,All,Simulation,Tycoon,592,879627996,2672119,1076704,98847,0.9159,3.0378,0.00303778,0.01776584,2019-12-06,2301,established,False,,36
2026-03-25,83858907,Speed Run 4,Adventure,Obby & Platformer,,388,1719683493,4512255,1025300,363245,0.7384,2.6239,0.00262389,0.01155429,2014-10-20,4173,mid,False,,37
2026-03-25,1424449565,Super Golf!,Sports,Sports & Racing,Sports,234,246358060,954991,308845,78542,0.7973,3.8764,0.00387643,0.01687282,2019-11-29,2308,mid,False,,38
2026-03-25,3183403065,[🤹APRIL FOOL'S🤡] AA,All,Strategy,Tower Defense,115,2507337604,1396616,720964,65155,0.9171,0.557,0.00055701,0.00242835,2021-12-21,1555,established,False,,39
2026-03-25,140239261,🏠 MeepCity 🏠,Town and City,Roleplay & Avatar Sim,,66,16269432764,14757906,2882857,514327,0.8486,0.9071,0.00090709,0.00323661,2016-02-23,3682,top,True,2016,40
2026-03-25,81762198,[Sides] Vehicle Simulator,Town and City,Simulation,Vehicle Sim,10,665631364,3375898,1098869,133129,0.8919,5.0717,0.00507172,0.0108473,2014-08-08,4247,mid,False,,41
2026-03-25,1344222621,malymal91's Place,All,,,0,0,0,0,0,0.0,0.0,0.0,0.0,2019-09-29,2368,mid,False,,42
2026-03-25,67400893,efrenda's Place,All,,,0,0,0,0,0,0.0,0.0,0.0,0.0,2014-01-26,4440,lower_mid,False,,43
2026-03-25,1090335239,aleor3210's Place,All,,,0,0,0,0,0,0.0,0.0,0.0,0.0,2019-03-31,2551,lower_mid,False,,44
2026-03-25,2755335127,####'s Place,All,,,0,0,0,0,0,0.0,0.0,0.0,0.0,2021-07-19,1710,lower_mid,False,,45
2026-03-25,4494776745,chgcchfhcfvggjgvhc's Place,All,,,0,0,0,0,0,0.0,0.0,0.0,0.0,2023-03-19,1101,mid,False,,46
2026-03-25,4747349896,rgost1's Place,All,,,0,0,0,0,0,0.0,0.0,0.0,0.0,2023-06-07,1022,mid,False,,47
2026-03-25,1557606948,ProPro1052's Place,All,,,0,0,0,0,0,0.0,0.0,0.0,0.0,2020-02-17,2227,mid,False,,48
2026-03-26,383310974,[🧇] Adopt Me!,RPG,Roleplay & Avatar Sim,Pet Care,411669,42808346655,28691837,8893217,1497938,0.8558,0.6702,0.00067024,0.00741576,2017-07-14,3176,top,True,2019,1
2026-03-26,994732206,Blox Fruits,Adventure,RPG,Action RPG,316932,60066569023,18334259,11821095,1025115,0.9202,0.3052,0.00030523,0.00355769,2019-01-16,2626,top,True,2021,2
2026-03-26,1686885941,Brookhaven 🏡RP,Town and City,Roleplay & Avatar Sim,Life,314265,80420304730,26727730,7858351,1289746,0.859,0.3324,0.00033235,0.00361378,2020-04-21,2165,top,True,2020,3
2026-03-26,6035872082,RIVALS,FPS,Shooter,Deathmatch Shooter,216480,13097410210,66068540,8852199,521613,0.9444,5.0444,0.0050444,0.05852326,2024-05-26,668,breakout,True,2025,4
2026-03-26,66654135,Murder Mystery 2,Horror,Survival,1 vs All,119633,24609664850,21452333,9377389,949014,0.9081,0.8717,0.0008717,0.00925545,2014-01-18,4449,top,True,2017,5
2026-03-26,3808081382,The Strongest Battlegrounds,Fighting,Action,Battlegrounds & Fighting,69251,17296829894,6686968,4871374,941394,0.838,0.3866,0.0003866,0.00361103,2022-08-02,1332,breakout,True,2024,6
2026-03-26,601130232,Bee Swarm Simulator,Adventure,Simulation,Incremental Simulator,66091,4279563580,6409935,2947389,136952,0.9556,1.4978,0.0014978,0.01588566,2018-03-21,2926,top,True,2018,7
2026-03-26,5361032378,Sol's RNG [ BOSS RAID 2🔥],All,Simulation,Incremental Simulator,41334,1719960289,900922,1267437,128797,0.9078,0.5238,0.0005238,0.00505415,2023-12-03,844,breakout,True,2025,8
2026-03-26,5750914919,Fisch 🐟 [DREADFIN],Adventure,Simulation,,24395,4331019377,3222637,2785644,298852,0.9031,0.7441,0.00074408,0.00678856,2024-03-13,742,breakout,True,2025,9
2026-03-26,1720936166,[UPD] All Star Tower Defense,All,Strategy,Tower Defense,21876,7675343049,2301260,1470627,128917,0.9194,0.2998,0.00029983,0.00275473,2020-05-07,2149,established,False,,10
2026-03-26,1831550657,🌷 Creatures of Sonaria ✨ Survive Kaiju Animals,All,Roleplay & Avatar Sim,Animal Sim,17267,1869117879,9470476,1279030,105240,0.924,5.0668,0.00506682,0.04567662,2020-06-25,2099,lower_mid,False,,11
2026-03-26,3317679266,PLS DONATE 💸,All,Social,,16371,4929724406,4138970,3513509,256615,0.9319,0.8396,0.00083959,0.00759234,2022-02-05,1509,breakout,True,2024,12
2026-03-26,4777817887,Blade Ball,Fighting,Action,Battlegrounds & Fighting,13629,6044618320,12178253,8067819,555946,0.9355,2.0147,0.00201473,0.01794377,2023-06-17,1013,breakout,True,2024,13
2026-03-26,210851291,Build A Boat For Treasure,Adventure,Simulation,Sandbox,11815,4940074068,8281132,3520619,252343,0.9331,1.6763,0.00167632,0.01466785,2016-11-02,3430,top,True,2017,14
2026-03-26,1235188606,[🍀] Dragon Adventures 🐉,Adventure,RPG,,9303,1536938595,12486638,1031480,74463,0.9327,8.1244,0.00812436,0.06924329,2019-07-15,2445,mid,False,,15
2026-03-26,88070565,[🚪] Welcome to Bloxburg,Town and City,Roleplay & Avatar Sim,Life,7965,9853652079,13829154,5546545,733123,0.8833,1.4035,0.00140345,0.01113532,2014-11-04,4160,established,False,,16
2026-03-26,5650396773,a dusty trip [🐺ANIMALS],Adventure,Adventure,,7790,2237891601,1971160,1930141,210475,0.9017,0.8808,0.00088081,0.00711666,2024-02-16,768,mid,False,,17
2026-03-26,2440500124,DOORS  ,Adventure,Survival,Escape,7336,7274799442,7713059,4467049,341429,0.929,1.0602,0.00106024,0.00876682,2021-03-14,1838,breakout,True,2022,18
2026-03-26,245662005,[UPD] Jailbreak,Town and City,Action,Open World Action,6643,7839853555,18526967,5734442,804415,0.877,2.3632,0.00236318,0.01824067,2017-01-06,3365,top,True,2017,19
2026-03-26,372226183,⛩️Flee the Facility💕,Horror,Survival,1 vs All,5640,5475814690,9396076,2622302,227961,0.92,1.7159,0.00171592,0.01363639,2017-07-01,3190,lower_mid,False,,20
2026-03-26,65241,Natural Disaster Survival,All,Survival,,5361,4172260587,11484588,4267553,431468,0.9082,2.7526,0.00275261,0.02146652,2008-03-28,6571,top,True,2014,21
2026-03-26,321778215,Royale🌼High,All,Roleplay & Avatar Sim,Dress Up,5201,10370394684,13265482,3232194,531316,0.8588,1.2792,0.00127917,0.00940034,2017-04-10,3271,top,True,2018,22
2026-03-26,1516533665,Piggy [LOVE HEARTS ❤️ ],Horror,Survival,,4743,14123788782,12054311,3953706,429967,0.9019,0.8535,0.00085348,0.00651577,2020-01-23,2254,established,False,,23
2026-03-26,47545,🍕Work at a Pizza Place,Town and City,Roleplay & Avatar Sim,Life,4710,5445909231,13241094,3363008,259753,0.9283,2.4314,0.00243138,0.01908937,2008-03-28,6571,established,False,,24
2026-03-26,111958650,Arsenal,Fighting,Shooter,Deathmatch Shooter,2659,6168340277,11455650,5082584,656350,0.8856,1.8572,0.00185717,0.01297078,2015-08-18,3873,established,False,,25
2026-03-26,31970568,Theme Park Tycoon 2,Building,Simulation,Tycoon,2600,1548660259,6001130,2038309,254808,0.8889,3.875,0.00387505,0.027086,2012-01-02,5197,established,False,,26
2026-03-26,1359573625,Deepwoken: Ironsworn,RPG,RPG,Action RPG,2313,1515736801,985832,395529,60384,0.8676,0.6504,0.0006504,0.00437113,2019-10-12,2356,mid,False,,27
2026-03-26,113491250,Phantom Forces,FPS,Shooter,Deathmatch Shooter,1557,1758386371,5945036,2448678,247505,0.9082,3.381,0.00338096,0.02257243,2015-08-31,3860,established,False,,28
2026-03-26,1008451066,Da Hood ,Town and City,Action,Open World Action,1404,2888833851,2982799,1283389,536769,0.7051,1.0325,0.00103253,0.00527663,2019-01-27,2615,established,False,,29
2026-03-26,2316994223,Pet Simulator X! 🐾,All,Simulation,Incremental Simulator,1349,8971003323,5961901,4207694,394651,0.9143,0.6646,0.00066457,0.0043794,2021-01-22,1888,breakout,True,2022,30
2026-03-26,2471084,🌳 Lumber Tycoon 2,Adventure,Simulation,Tycoon,1197,1289528530,4572719,2008871,282084,0.8769,3.546,0.00354604,0.02204082,2009-07-30,6082,lower_mid,False,,31
2026-03-26,1511883870,Shindo Life [242],All,RPG,Action RPG,1169,2647656999,3004865,2176429,144027,0.9379,1.1349,0.00113491,0.00752024,2020-01-20,2256,established,False,,32
2026-03-26,110181652,Epic Minigames ✨,All,Party & Casual,Minigame,1139,2306409290,8235720,2202045,232892,0.9044,3.5708,0.0035708,0.0227301,2015-07-29,3893,lower_mid,False,,33
2026-03-26,1335695570,⚡Ninja Legends,Fighting,Simulation,Incremental Simulator,937,2139553393,4672156,1601092,130187,0.9248,2.1837,0.00218371,0.01382094,2019-09-22,2376,top,True,2020,34
2026-03-26,2404080894,Funky Friday,All,Action,Music & Rhythm,828,1965239030,4068270,1945746,211440,0.902,2.0701,0.00207011,0.01254806,2021-02-26,1853,lower_mid,False,,35
2026-03-26,1434220026,My Restaurant! 👨‍🍳,All,Simulation,Tycoon,578,879670336,2672152,1076767,98850,0.9159,3.0377,0.00303767,0.01769877,2019-12-06,2302,established,False,,36
2026-03-26,83858907,Speed Run 4,Adventure,Obby & Platformer,,426,1719787019,4512405,1025337,363267,0.7384,2.6238,0.00262382,0.01173448,2014-10-20,4174,mid,False,,37
2026-03-26,1424449565,Super Golf!,Sports,Sports & Racing,Sports,334,246405399,955127,308901,78552,0.7973,3.8762,0.00387624,0.01796784,2019-11-29,2309,mid,False,,38
2026-03-26,3183403065,[🤹APRIL FOOL'S🤡] AA,All,Strategy,Tower Defense,91,2507350121,1396577,720970,65154,0.9171,0.557,0.00055699,0.00230986,2021-12-21,1556,established,False,,39
2026-03-26,140239261,🏠 MeepCity 🏠,Town and City,Roleplay & Avatar Sim,,42,16269464166,14757836,2882888,514344,0.8486,0.9071,0.00090709,0.0028952,2016-02-23,3683,top,True,2016,40
2026-03-26,81762198,[Sides] Vehicle Simulator,Town and City,Simulation,Vehicle Sim,6,665634263,3375891,1098870,133130,0.8919,5.0717,0.00507169,0.0088026,2014-08-08,4248,mid,False,,41
2026-03-26,1344222621,malymal91's Place,All,,,0,0,0,0,0,0.0,0.0,0.0,0.0,2019-09-29,2369,mid,False,,42
2026-03-26,67400893,efrenda's Place,All,,,0,0,0,0,0,0.0,0.0,0.0,0.0,2014-01-26,4441,lower_mid,False,,43
2026-03-26,1090335239,aleor3210's Place,All,,,0,0,0,0,0,0.0,0.0,0.0,0.0,2019-03-31,2552,lower_mid,False,,44
2026-03-26,2755335127,####'s Place,All,,,0,0,0,0,0,0.0,0.0,0.0,0.0,2021-07-19,1711,lower_mid,False,,45
2026-03-26,4494776745,chgcchfhcfvggjgvhc's Place,All,,,0,0,0,0,0,0.0,0.0,0.0,0.0,2023-03-19,1102,mid,False,,46
2026-03-26,4747349896,rgost1's Place,All,,,0,0,0,0,0,0.0,0.0,0.0,0.0,2023-06-07,1023,mid,False,,47
2026-03-26,1557606948,ProPro1052's Place,All,,,0,0,0,0,0,0.0,0.0,0.0,0.0,2020-02-17,2228,mid,False,,48
2026-03-27,383310974,[6H🍭] Adopt Me!,RPG,Roleplay & Avatar Sim,Pet Care,404520,42821187550,28697892,8897024,1497993,0.8559,0.6702,0.00067018,0.00740547,2017-07-14,3177,top,True,2019,1
2026-03-27,1686885941,Brookhaven 🏡RP,Town and City,Roleplay & Avatar Sim,Life,327200,80457391031,26744377,7862441,1290318,0.859,0.3324,0.0003324,0.00362592,2020-04-21,2166,top,True,2020,2
2026-03-27,994732206,Blox Fruits,Adventure,RPG,Action RPG,316134,60088740541,18342609,11825772,1025372,0.9202,0.3053,0.00030526,0.00355733,2019-01-16,2627,top,True,2021,3
2026-03-27,6035872082,RIVALS,FPS,Shooter,Deathmatch Shooter,235264,13129473363,66223722,8862876,522826,0.9443,5.0439,0.0050439,0.05891015,2024-05-26,669,breakout,True,2025,4
2026-03-27,66654135,Murder Mystery 2,Horror,Survival,1 vs All,123593,24627723207,21460936,9381241,949406,0.9081,0.8714,0.00087141,0.00927814,2014-01-18,4450,top,True,2017,5
2026-03-27,3808081382,The Strongest Battlegrounds,Fighting,Action,Battlegrounds & Fighting,72096,17309068133,6691024,4873474,941927,0.838,0.3866,0.00038656,0.00362363,2022-08-02,1333,breakout,True,2024,6
2026-03-27,601130232,Bee Swarm Simulator,Adventure,Simulation,Incremental Simulator,65133,4283345330,6410579,2947960,136958,0.9556,1.4966,0.00149663,0.01585246,2018-03-21,2927,top,True,2018,7
2026-03-27,5361032378,Sol's RNG [ BOSS RAID 2🔥],All,Simulation,Incremental Simulator,41588,1721469370,901334,1268003,128814,0.9078,0.5236,0.00052358,0.00505509,2023-12-03,845,breakout,True,2025,8
2026-03-27,5750914919,Fisch 🐟 [DREADFIN],Adventure,Simulation,,24598,4332504255,3224948,2786407,298892,0.9031,0.7444,0.00074436,0.00679676,2024-03-13,743,breakout,True,2025,9
2026-03-27,1720936166,[UPD] All Star Tower Defense,All,Strategy,Tower Defense,22135,7680416179,2301687,1471202,128928,0.9194,0.2997,0.00029968,0.00275673,2020-05-07,2150,established,False,,10
2026-03-27,1831550657,🌷 Creatures of Sonaria ✨ Survive Kaiju Animals,All,Roleplay & Avatar Sim,Animal Sim,18394,1870619425,9477562,1279615,105285,0.924,5.0665,0.00506654,0.04597019,2020-06-25,2100,lower_mid,False,,11
2026-03-27,3317679266,PLS DONATE 💸,All,Social,,16183,4932851510,4141304,3515195,256760,0.9319,0.8395,0.00083954,0.00758273,2022-02-05,1510,breakout,True,2024,12
2026-03-27,4777817887,Blade Ball,Fighting,Action,Battlegrounds & Fighting,14744,6046882792,12183359,8069997,556141,0.9355,2.0148,0.00201482,0.01809269,2023-06-17,1014,breakout,True,2024,13
2026-03-27,210851291,Build A Boat For Treasure,Adventure,Simulation,Sandbox,12625,4941151657,8281985,3521159,252357,0.9331,1.6761,0.00167612,0.01476996,2016-11-02,3431,top,True,2017,14
2026-03-27,88070565,[🐰] Welcome to Bloxburg,Town and City,Roleplay & Avatar Sim,Life,11320,9854874190,13829545,5546984,733116,0.8833,1.4033,0.00140332,0.01157002,2014-11-04,4161,established,False,,15
2026-03-27,1235188606,[🍀] Dragon Adventures 🐉,Adventure,RPG,,9669,1537930286,12491562,1031778,74481,0.9327,8.1223,0.00812232,0.06951844,2019-07-15,2446,mid,False,,16
2026-03-27,2440500124,DOORS  ,Adventure,Survival,Escape,8029,7276262321,7714349,4467765,341476,0.929,1.0602,0.00106021,0.00885543,2021-03-14,1839,breakout,True,2022,17
2026-03-27,5650396773,a dusty trip [🐺ANIMALS],Adventure,Adventure,,7863,2239177609,1972254,1930546,210521,0.9017,0.8808,0.00088079,0.00712392,2024-02-16,769,mid,False,,18
2026-03-27,245662005,[UPD] Jailbreak,Town and City,Action,Open World Action,6295,7840826529,18527502,5734687,804457,0.877,2.363,0.00236295,0.01812743,2017-01-06,3366,top,True,2017,19
2026-03-27,372226183,⛩️Flee the Facility💕,Horror,Survival,1 vs All,6070,5477785606,9396909,2622935,228010,0.92,1.7155,0.00171546,0.01374867,2017-07-01,3191,lower_mid,False,,20
2026-03-27,65241,Natural Disaster Survival,All,Survival,,5668,4173795114,11486346,4268330,431540,0.9082,2.752,0.00275201,0.0216011,2008-03-28,6572,top,True,2014,21
2026-03-27,321778215,Royale🌼High,All,Roleplay & Avatar Sim,Dress Up,5195,10370850759,13265570,3232355,531336,0.8588,1.2791,0.00127912,0.00939873,2017-04-10,3272,top,True,2018,22
2026-03-27,1516533665,Piggy [LOVE HEARTS ❤️ ],Horror,Survival,,5088,14125043769,12055075,3954252,429988,0.9019,0.8535,0.00085345,0.0065697,2020-01-23,2255,established,False,,23
2026-03-27,47545,🍕Work at a Pizza Place,Town and City,Roleplay & Avatar Sim,Life,4667,5446518565,13242332,3363435,259775,0.9283,2.4313,0.00243134,0.01906838,2008-03-28,6572,established,False,,24
2026-03-27,111958650,Arsenal,Fighting,Shooter,Deathmatch Shooter,2741,6169023812,11455848,5082810,656395,0.8856,1.857,0.001857,0.01301946,2015-08-18,3874,established,False,,25
2026-03-27,31970568,Theme Park Tycoon 2,Building,Simulation,Tycoon,2677,1548872675,6001384,2038453,254809,0.8889,3.8747,0.00387468,0.02718412,2012-01-02,5198,established,False,,26
2026-03-27,1359573625,Deepwoken: Ironsworn,RPG,RPG,Action RPG,2438,1516233625,986008,395605,60390,0.8676,0.6503,0.0006503,0.00440022,2019-10-12,2357,mid,False,,27
2026-03-27,113491250,Phantom Forces,FPS,Shooter,Deathmatch Shooter,1599,1758593819,5945167,2448764,247507,0.9082,3.3806,0.00338064,0.02265199,2015-08-31,3861,established,False,,28
2026-03-27,1008451066,Da Hood ,Town and City,Action,Open World Action,1443,2889091726,2982843,1283454,536799,0.7051,1.0325,0.00103245,0.00529616,2019-01-27,2616,established,False,,29
2026-03-27,2316994223,Pet Simulator X! 🐾,All,Simulation,Incremental Simulator,1411,8971142918,5961931,4207799,394653,0.9143,0.6646,0.00066457,0.00440665,2021-01-22,1889,breakout,True,2022,30
2026-03-27,1511883870,Shindo Life [242],All,RPG,Action RPG,1299,2647767579,3004934,2176546,144036,0.9379,1.1349,0.00113489,0.00763225,2020-01-20,2257,established,False,,31
2026-03-27,2471084,🌳 Lumber Tycoon 2,Adventure,Simulation,Tycoon,1242,1289632059,4572854,2008944,282095,0.8769,3.5459,0.00354586,0.02215435,2009-07-30,6083,lower_mid,False,,32
2026-03-27,110181652,Epic Minigames ✨,All,Party & Casual,Minigame,1127,2306614444,8236893,2202389,232887,0.9044,3.571,0.00357099,0.02269752,2015-07-29,3894,lower_mid,False,,33
2026-03-27,1335695570,⚡Ninja Legends,Fighting,Simulation,Incremental Simulator,966,2139648621,4672286,1601185,130187,0.9248,2.1837,0.00218367,0.01388226,2019-09-22,2377,top,True,2020,34
2026-03-27,2404080894,Funky Friday,All,Action,Music & Rhythm,928,1965407805,4068367,1945834,211452,0.902,2.07,0.00206999,0.0127599,2021-02-26,1854,lower_mid,False,,35
2026-03-27,1434220026,My Restaurant! 👨‍🍳,All,Simulation,Tycoon,583,879711938,2672158,1076809,98851,0.9159,3.0375,0.00303754,0.01772194,2019-12-06,2303,established,False,,36
2026-03-27,83858907,Speed Run 4,Adventure,Obby & Platformer,,453,1719893359,4512553,1025393,363287,0.7384,2.6237,0.00262374,0.01185292,2014-10-20,4175,mid,False,,37
2026-03-27,1424449565,Super Golf!,Sports,Sports & Racing,Sports,282,246452043,955281,308930,78561,0.7973,3.8761,0.00387613,0.01744599,2019-11-29,2310,mid,False,,38
2026-03-27,3183403065,[🤹APRIL FOOL'S🤡] AA,All,Strategy,Tower Defense,96,2507364026,1396523,720979,65154,0.9171,0.557,0.00055697,0.0023368,2021-12-21,1557,established,False,,39
2026-03-27,140239261,🏠 MeepCity 🏠,Town and City,Roleplay & Avatar Sim,,78,16269497018,14757787,2882917,514361,0.8486,0.9071,0.00090708,0.00336337,2016-02-23,3684,top,True,2016,40
2026-03-27,81762198,[Sides] Vehicle Simulator,Town and City,Simulation,Vehicle Sim,20,665637122,3375876,1098873,133130,0.8919,5.0716,0.00507165,0.01377222,2014-08-08,4249,mid,False,,41
2026-03-27,1344222621,malymal91's Place,All,,,0,0,0,0,0,0.0,0.0,0.0,0.0,2019-09-29,2370,mid,False,,42
2026-03-27,67400893,efrenda's Place,All,,,0,0,0,0,0,0.0,0.0,0.0,0.0,2014-01-26,4442,lower_mid,False,,43
2026-03-27,1090335239,aleor3210's Place,All,,,0,0,0,0,0,0.0,0.0,0.0,0.0,2019-03-31,2553,lower_mid,False,,44
2026-03-27,2755335127,####'s Place,All,,,0,0,0,0,0,0.0,0.0,0.0,0.0,2021-07-19,1712,lower_mid,False,,45
2026-03-27,4494776745,chgcchfhcfvggjgvhc's Place,All,,,0,0,0,0,0,0.0,0.0,0.0,0.0,2023-03-19,1103,mid,False,,46
2026-03-27,4747349896,rgost1's Place,All,,,0,0,0,0,0,0.0,0.0,0.0,0.0,2023-06-07,1024,mid,False,,47
2026-03-27,1557606948,ProPro1052's Place,All,,,0,0,0,0,0,0.0,0.0,0.0,0.0,2020-02-17,2229,mid,False,,48
2026-03-28,1686885941,Brookhaven 🏡RP,Town and City,Roleplay & Avatar Sim,Life,512158,80507329161,26765961,7868432,1291329,0.859,0.3325,0.00033247,0.00375455,2020-04-21,2167,top,True,2020,1
2026-03-28,383310974,[🍬] Adopt Me!,RPG,Roleplay & Avatar Sim,Pet Care,461267,42838200487,28705212,8902102,1498051,0.856,0.6701,0.00067008,0.00748028,2017-07-14,3178,top,True,2019,2
2026-03-28,994732206,Blox Fruits,Adventure,RPG,Action RPG,374726,60114920267,18353258,11831947,1025538,0.9202,0.3053,0.0003053,0.00360572,2019-01-16,2628,top,True,2021,3
2026-03-28,6035872082,RIVALS,FPS,Shooter,Deathmatch Shooter,373238,13172555998,66432866,8878043,524643,0.9442,5.0433,0.00504328,0.06109477,2024-05-26,670,breakout,True,2025,4
2026-03-28,66654135,Murder Mystery 2,Horror,Survival,1 vs All,154649,24648644653,21471311,9385738,949993,0.9081,0.8711,0.00087109,0.00945195,2014-01-18,4451,top,True,2017,5
2026-03-28,3808081382,The Strongest Battlegrounds,Fighting,Action,Battlegrounds & Fighting,92187,17323978474,6696495,4876156,942594,0.838,0.3865,0.00038654,0.003703,2022-08-02,1333,breakout,True,2024,6
2026-03-28,5361032378,Sol's RNG [ BOSS RAID 2🔥],All,Simulation,Incremental Simulator,85593,1723485704,901979,1268941,128818,0.9078,0.5233,0.00052335,0.00539605,2023-12-03,846,breakout,True,2025,7
2026-03-28,601130232,Bee Swarm Simulator,Adventure,Simulation,Incremental Simulator,68486,4287049668,6411223,2948586,136984,0.9556,1.4955,0.00149549,0.0159121,2018-03-21,2928,top,True,2018,8
2026-03-28,5750914919,Fisch 🐟 [DREADFIN],Adventure,Simulation,,30377,4334230762,3227487,2787347,298951,0.9031,0.7447,0.00074465,0.0069414,2024-03-13,744,breakout,True,2025,9
2026-03-28,1831550657,💜 Creatures of Sonaria ✨ Survive Kaiju Animals,All,Roleplay & Avatar Sim,Animal Sim,30146,1873026233,9488118,1280559,105450,0.9239,5.0657,0.00506566,0.04827143,2020-06-25,2101,lower_mid,False,,10
2026-03-28,1720936166,[UPD] All Star Tower Defense,All,Strategy,Tower Defense,23774,7685646392,2302112,1471804,128949,0.9194,0.2995,0.00029953,0.00277509,2020-05-07,2151,established,False,,11
2026-03-28,3317679266,PLS DONATE 💸,All,Social,,19904,4936428099,4144213,3517100,256922,0.9319,0.8395,0.00083952,0.00774442,2022-02-05,1511,breakout,True,2024,12
2026-03-28,4777817887,Blade Ball,Fighting,Action,Battlegrounds & Fighting,19206,6049645627,12190023,8072799,556370,0.9355,2.015,0.002015,0.0185926,2023-06-17,1015,breakout,True,2024,13
2026-03-28,210851291,Build A Boat For Treasure,Adventure,Simulation,Sandbox,17428,4942531315,8283097,3521868,252417,0.9331,1.6759,0.00167588,0.01527192,2016-11-02,3432,top,True,2017,14
2026-03-28,88070565,[🐰] Welcome to Bloxburg,Town and City,Roleplay & Avatar Sim,Life,16435,9856270440,13830070,5547504,733113,0.8833,1.4032,0.00140317,0.01203102,2014-11-04,4162,established,False,,15
2026-03-28,2440500124,DOORS  ,Adventure,Survival,Escape,13483,7278321856,7716352,4468716,341530,0.929,1.0602,0.00106018,0.00936576,2021-03-14,1840,breakout,True,2022,16
2026-03-28,1235188606,[🍀⚡] Dragon Adventures 🐉,Adventure,RPG,,12769,1539130784,12499473,1032149,74492,0.9327,8.1211,0.00812112,0.07161544,2019-07-15,2447,mid,False,,17
2026-03-28,5650396773,a dusty trip [🐺ANIMALS],Adventure,Adventure,,11538,2240643554,1973524,1931063,210589,0.9017,0.8808,0.00088078,0.00742832,2024-02-16,770,mid,False,,18
2026-03-28,1176784616,Tower Defense Simulator,All,Strategy,Tower Defense,9990,4611655304,3365057,1959762,124674,0.9402,0.7297,0.00072969,0.00631806,2019-06-05,2488,established,False,,19
2026-03-28,245662005,[UPD] Jailbreak,Town and City,Action,Open World Action,9255,7842003333,18528052,5735000,804519,0.877,2.3627,0.00236267,0.01892366,2017-01-06,3367,top,True,2017,20
2026-03-28,1516533665,Piggy [LOVE HEARTS ❤️ ],Horror,Survival,,8023,14126578888,12056047,3954898,430028,0.9019,0.8534,0.00085343,0.00692006,2020-01-23,2256,established,False,,21
2026-03-28,47545,🍕Work at a Pizza Place,Town and City,Roleplay & Avatar Sim,Life,7443,5447363954,13244066,3364011,259791,0.9283,2.4313,0.00243128,0.02012135,2008-03-28,6573,established,False,,22
2026-03-28,65241,Natural Disaster Survival,All,Survival,,7441,4175626080,11488484,4269239,431662,0.9082,2.7513,0.00275132,0.02227546,2008-03-28,6573,top,True,2014,23
2026-03-28,372226183,⛩️Flee the Facility💕,Horror,Survival,1 vs All,7205,5480066421,9397915,2623722,228066,0.92,1.7149,0.00171493,0.01401489,2017-07-01,3192,lower_mid,False,,24
2026-03-28,321778215,Royale🌼High,All,Roleplay & Avatar Sim,Dress Up,6142,10371343647,13265762,3232520,531358,0.8588,1.2791,0.00127908,0.00958235,2017-04-10,3273,top,True,2018,25
2026-03-28,903807016,[🏥] Emergency Response: Liberty County,Town and City,Roleplay & Avatar Sim,Life,5521,1455264747,2744734,1136548,112483,0.9099,1.8861,0.00188607,0.0147878,2018-11-01,2703,mid,False,,26
2026-03-28,371263894,(🚘FIAT & ABARTH!) Greenville,Town and City,Roleplay & Avatar Sim,Life,4788,1339822174,2561199,990575,141086,0.8753,1.9116,0.0019116,0.01417946,2017-06-28,3194,mid,False,,27
2026-03-28,31970568,Theme Park Tycoon 2,Building,Simulation,Tycoon,4756,1549159294,6001761,2038640,254812,0.8889,3.8742,0.00387421,0.02915964,2012-01-02,5199,established,False,,28
2026-03-28,1359573625,Deepwoken: Ironsworn,RPG,RPG,Action RPG,3351,1516829776,986166,395680,60395,0.8676,0.6501,0.00065015,0.00457861,2019-10-12,2358,mid,False,,29
2026-03-28,111958650,Arsenal,Fighting,Shooter,Deathmatch Shooter,3002,6169828980,11456122,5083085,656449,0.8856,1.8568,0.0018568,0.01316755,2015-08-18,3875,established,False,,30
2026-03-28,1008451066,[UPD] Da Hood 🔫,Town and City,Action,Open World Action,2228,2889447976,2982905,1283564,536836,0.7051,1.0323,0.00103234,0.00561165,2019-01-27,2617,established,False,,31
2026-03-28,113491250,Phantom Forces,FPS,Shooter,Deathmatch Shooter,1887,1758822871,5945289,2448859,247527,0.9082,3.3803,0.00338027,0.02315754,2015-08-31,3862,established,False,,32
2026-03-28,2316994223,Pet Simulator X! 🐾,All,Simulation,Incremental Simulator,1881,8971314904,5961980,4207919,394654,0.9143,0.6646,0.00066456,0.00458118,2021-01-22,1890,breakout,True,2022,33
2026-03-28,1511883870,Shindo Life [242],All,RPG,Action RPG,1778,2647903814,3005034,2176672,144042,0.9379,1.1349,0.00113487,0.00796601,2020-01-20,2258,established,False,,34
2026-03-28,2471084,🌳 Lumber Tycoon 2,Adventure,Simulation,Tycoon,1702,1289749099,4572992,2009036,282107,0.8769,3.5456,0.00354564,0.02313195,2009-07-30,6084,lower_mid,False,,35
2026-03-28,110181652,Epic Minigames ✨,All,Party & Casual,Minigame,1498,2306867363,8238511,2202858,232889,0.9044,3.5713,0.0035713,0.02361835,2015-07-29,3895,lower_mid,False,,36
2026-03-28,848145103,Dungeon Quest! ⚔️ RPG Adventure,Fighting,RPG,Action RPG,1288,2316800793,5779148,1154092,101927,0.9188,2.4945,0.00249445,0.01641462,2018-09-25,2740,mid,False,,37
2026-03-28,1335695570,⚡Ninja Legends,Fighting,Simulation,Incremental Simulator,1273,2139768555,4672447,1601299,130193,0.9248,2.1836,0.00218362,0.01443878,2019-09-22,2378,top,True,2020,38
2026-03-28,2404080894,Funky Friday,All,Action,Music & Rhythm,1183,1965616829,4068483,1945966,211462,0.902,2.0698,0.00206983,0.01321176,2021-02-26,1855,lower_mid,False,,39
2026-03-28,1434220026,My Restaurant! 👨‍🍳,All,Simulation,Tycoon,869,879766454,2672197,1076866,98860,0.9159,3.0374,0.00303739,0.01882993,2019-12-06,2304,established,False,,40
2026-03-28,83858907,Speed Run 4,Adventure,Obby & Platformer,,540,1720022156,4512740,1025458,363304,0.7384,2.6237,0.00262365,0.01219223,2014-10-20,4176,mid,False,,41
2026-03-28,1424449565,Super Golf!,Sports,Sports & Racing,Sports,318,246510929,955482,308960,78572,0.7973,3.876,0.00387602,0.01781537,2019-11-29,2311,mid,False,,42
2026-03-28,3183403065,[🤹APRIL FOOL'S🤡] AA,All,Strategy,Tower Defense,133,2507379661,1396467,720991,65154,0.9171,0.5569,0.00055694,0.00250174,2021-12-21,1558,established,False,,43
2026-03-28,140239261,🏠 MeepCity 🏠,Town and City,Roleplay & Avatar Sim,,96,16269538533,14757761,2882958,514387,0.8486,0.9071,0.00090708,0.00352134,2016-02-23,3685,top,True,2016,44
2026-03-28,1077961373,Giant Simulator,All,Simulation,Incremental Simulator,64,163514309,588269,175768,32878,0.8424,3.5977,0.00359766,0.01265152,2019-03-22,2563,lower_mid,False,,45
2026-03-28,81762198,[Sides] Vehicle Simulator,Town and City,Simulation,Vehicle Sim,10,665640469,3375867,1098878,133131,0.8919,5.0716,0.00507161,0.01084704,2014-08-08,4250,mid,False,,46
2026-03-28,1344222621,malymal91's Place,All,,,0,0,0,0,0,0.0,0.0,0.0,0.0,2019-09-29,2371,mid,False,,47
2026-03-28,67400893,efrenda's Place,All,,,0,0,0,0,0,0.0,0.0,0.0,0.0,2014-01-26,4443,lower_mid,False,,48
2026-03-28,1090335239,aleor3210's Place,All,,,0,0,0,0,0,0.0,0.0,0.0,0.0,2019-03-31,2554,lower_mid,False,,49
2026-03-28,2755335127,####'s Place,All,,,0,0,0,0,0,0.0,0.0,0.0,0.0,2021-07-19,1713,lower_mid,False,,50
2026-03-28,4494776745,chgcchfhcfvggjgvhc's Place,All,,,0,0,0,0,0,0.0,0.0,0.0,0.0,2023-03-19,1104,mid,False,,51
2026-03-28,4747349896,rgost1's Place,All,,,0,0,0,0,0,0.0,0.0,0.0,0.0,2023-06-07,1025,mid,False,,52
2026-03-28,1557606948,ProPro1052's Place,All,,,0,0,0,0,0,0.0,0.0,0.0,0.0,2020-02-17,2230,mid,False,,53
2026-03-28,498598030,puppyluver112232's Place,All,,,0,0,0,0,0,0.0,0.0,0.0,0.0,2017-12-05,3034,mid,False,,54
