snapshot_week,game_name,youtube_video_count,upload_velocity_7d,upload_velocity_30d,unique_creators,recent_video_avg_views,view_acceleration,short_video_ratio,title_update_freq,youtube_total_views,youtube_avg_views
2026-W12,Adopt Me,50,21,29,25,38143.1,0.0213,0.0204,0.3,36923671,738473.42
2026-W12,Blox Fruits,50,18,32,27,325488.06,0.1025,0.0,0.1,67573717,1351474.34
2026-W12,Brookhaven RP,50,2,5,21,292452.2,0.0811,0.0,0.04,163675741,3273514.82
2026-W12,RIVALS,50,26,44,28,317163.95,0.2006,0.0,0.1,23443502,468870.04
2026-W12,Murder Mystery 2,50,3,10,34,177953.5,0.048,0.0,0.04,149930692,2998613.84
2026-W12,The Strongest Battlegrounds,50,6,10,21,75897.4,0.0558,0.0,0.1,55182948,1103658.96
2026-W12,Bee Swarm Simulator,50,8,24,28,66875.62,0.0343,0.0,0.06,52321004,1046420.08
2026-W12,Sol's RNG,50,12,37,16,41802.51,0.2464,0.04,0.32,3751982,75039.64
2026-W12,Fisch,50,13,18,29,50455.33,0.0423,0.0,0.34,39116756,782335.12
2026-W12,Creatures of Sonaria  Survive Kaiju Anim,50,2,5,13,102623.0,0.1504,0.0,0.06,31217968,624359.36
2026-W12,All Star Tower Defense,50,28,40,17,23886.67,0.0417,0.0,0.12,6106512,122130.24
2026-W12,PLS DONATE,50,15,20,36,34450.45,0.0307,0.0,0.02,28740085,574801.7
2026-W12,Blade Ball,50,7,12,13,46841.17,0.0281,0.0,0.22,63834076,1276681.52
2026-W12,Dragon Adventures,50,18,25,24,13248.32,0.0318,0.0,0.16,10341849,206836.98
2026-W12,Build A Boat For Treasure,50,0,4,23,235593.75,0.0868,0.0,0.02,125730770,2514615.4
2026-W12,Flee the Facility,50,8,17,20,32320.82,0.0421,0.0,0.06,25875490,517509.8
2026-W12,Welcome to Bloxburg,50,2,4,28,16667.0,0.0099,0.08,0.26,77161536,1543230.72
2026-W12,DOORS,50,15,19,34,49524.68,0.0087,0.06,0.16,177261491,3545229.82
2026-W12,Tower Defense Simulator,50,10,32,32,55575.16,0.0418,0.04,0.14,25725304,514506.08
2026-W12,a dusty trip,50,2,3,35,16995.33,0.0102,0.0,0.1,78326484,1566529.68
2026-W12,Jailbreak,50,10,28,27,23376.04,0.0318,0.0,0.22,16839737,336794.74
2026-W12,RoyaleHigh,50,6,22,20,11955.23,0.0029,0.0,0.38,116049511,2320990.22
2026-W12,Prison Life,50,1,12,39,45141.33,0.0566,0.04,0.3,30826663,616533.26
2026-W12,Work at a Pizza Place,50,2,3,39,137024.67,0.0566,0.02,0.0,111976233,2239524.66
2026-W12,Natural Disaster Survival,50,0,1,32,227646.0,0.0759,0.0,0.04,147234281,2944685.62
2026-W12,Piggy,50,7,20,32,123707.4,0.0121,0.04,0.16,308256490,6165129.8
2026-W12,Emergency Response: Liberty County,50,0,5,14,15143.2,0.0513,0.06,0.14,13348221,266964.42
2026-W12,Theme Park Tycoon 2,50,1,3,20,50787.0,0.0291,0.0,0.02,82049836,1640996.72
2026-W12,Deepwoken: Ironsworn,50,0,1,40,42046.0,0.7576,0.06,0.08,2761403,55228.06
2026-W12,Arsenal,50,0,6,28,238099.5,0.1166,0.06,0.04,91310609,1826212.18
2026-W12,Greenville,50,11,27,18,15437.52,0.2713,0.0,0.48,1725751,34515.02
2026-W12,Phantom Forces,50,2,2,27,3099.0,0.009,0.0,0.04,16597502,331950.04
2026-W12,Shindo Life,50,0,3,15,3389.0,0.0136,0.26,0.04,11752264,235045.28
2026-W12,Lumber Tycoon 2,50,1,2,12,4849.0,0.0126,0.02,0.04,18439994,368799.88
2026-W12,Da Hood,50,2,12,23,42814.5,0.09,0.0,0.02,18583679,371673.58
2026-W12,Pet Simulator X,50,2,2,15,11732.5,0.0047,0.0,0.06,121005850,2420117.0
2026-W12,Dungeon Quest!  RPG Adventure,50,0,4,18,104028.5,0.6115,0.02,0.06,8241603,164832.06
2026-W12,Epic Minigames,50,0,4,29,2990.5,0.0024,0.04,0.14,57539521,1150790.42
2026-W12,Ninja Legends,50,0,7,24,957.86,0.001,0.02,0.22,42875570,857511.4
2026-W12,Funky Friday,50,0,0,16,0.0,0.0,0.1,0.04,89557666,1791153.32
2026-W12,My Restaurant,50,0,1,29,1357.0,0.0014,0.0,0.1,48661269,973225.38
2026-W12,Speed Run 4,50,1,2,38,225469.0,0.0922,0.06,0.16,117818744,2356374.88
2026-W12,Super Golf,50,0,1,27,221827.0,0.4028,0.14,0.06,27209343,544186.86
2026-W12,Bad Business | FPS,50,2,6,25,11719.83,0.0718,0.02,0.34,7252503,145050.06
2026-W12,MeepCity,50,0,1,38,126852.0,0.0798,0.08,0.08,78042532,1560850.64
2026-W12,Giant Simulator,50,0,1,18,315.0,0.0007,0.04,0.1,23535082,470701.64
2026-W12,Vehicle Simulator,50,0,0,18,0.0,0.0,0.06,0.34,47257427,945148.54
2026-W13,Adopt Me,50,22,37,21,46276.51,0.062,0.04,0.36,11412268,228245.36
2026-W13,Blox Fruits,50,7,26,21,336766.46,0.1378,0.0,0.08,67410210,1348204.2
2026-W13,Brookhaven RP,50,0,6,22,582334.67,0.1776,0.0,0.02,147780098,2955601.96
2026-W13,RIVALS,50,25,43,28,294838.12,0.1721,0.0,0.06,24668430,493368.6
2026-W13,Murder Mystery 2,50,2,6,30,221318.33,0.0817,0.0,0.04,120565553,2411311.06
2026-W13,The Strongest Battlegrounds,50,10,19,22,100657.11,0.0331,0.0,0.04,96042242,1920844.84
2026-W13,Bee Swarm Simulator,50,10,23,26,58217.57,0.0324,0.0,0.04,49806510,996130.2
2026-W13,Sol's RNG,50,13,36,17,34734.94,0.0816,0.0,0.34,7212857,144257.14
2026-W13,Fisch,50,14,26,28,51165.27,0.0357,0.0,0.42,35692788,713855.76
2026-W13,Creatures of Sonaria  Survive Kaiju Anim,50,1,3,11,160003.67,0.2363,0.02,0.06,32305647,646112.94
2026-W13,All Star Tower Defense,50,29,45,16,29806.29,0.0336,0.0,0.14,5779054,115581.08
2026-W13,PLS DONATE,50,7,11,33,42204.18,0.0429,0.0,0.0,32924070,658481.4
2026-W13,Blade Ball,50,5,13,16,49692.08,0.0372,0.0,0.14,50029509,1000590.18
2026-W13,Dragon Adventures,50,10,24,20,14511.46,0.1061,0.0,0.16,3903895,78077.9
2026-W13,Build A Boat For Treasure,50,1,6,25,306301.5,0.0988,0.0,0.04,138286955,2765739.1
2026-W13,Flee the Facility,50,6,15,22,33840.73,0.0406,0.0,0.04,29679202,593584.04
2026-W13,Welcome to Bloxburg,50,1,3,25,22631.0,0.0072,0.08,0.26,148621339,2972426.78
2026-W13,DOORS,50,6,11,34,103858.09,0.0202,0.0,0.14,201250276,4025005.52
2026-W13,Tower Defense Simulator,50,10,27,22,74484.89,0.102,0.06,0.2,18802560,376051.2
2026-W13,a dusty trip,50,4,4,36,6340.0,0.0037,0.0,0.16,78051100,1561022.0
2026-W13,Jailbreak,50,23,31,32,12099.35,0.006,0.0,0.26,38818778,776375.56
2026-W13,RoyaleHigh,50,7,18,18,13420.5,0.0034,0.0,0.18,125722666,2514453.32
2026-W13,Prison Life,50,0,13,34,38220.85,0.0658,0.0,0.34,22003177,440063.54
2026-W13,Work at a Pizza Place,50,1,3,40,249519.33,0.118,0.02,0.02,100124340,2002486.8
2026-W13,Natural Disaster Survival,50,0,1,33,241419.0,0.0672,0.0,0.02,176184043,3523680.86
2026-W13,Piggy,50,10,20,22,133663.55,0.0089,0.02,0.36,452943372,9058867.44
2026-W13,Emergency Response: Liberty County,50,3,8,16,11549.38,0.0326,0.08,0.18,14992073,299841.46
2026-W13,Theme Park Tycoon 2,50,3,5,18,11756.2,0.0159,0.0,0.04,33344629,666892.58
2026-W13,Deepwoken: Ironsworn,50,0,1,38,2576.0,0.0641,0.04,0.1,1972989,39459.78
2026-W13,Arsenal,50,1,7,27,203737.86,0.1396,0.0,0.06,64193915,1283878.3
2026-W13,Greenville,50,16,28,15,15862.79,0.3335,0.0,0.48,1443152,28863.04
2026-W13,Phantom Forces,50,1,3,24,3446.33,0.012,0.0,0.06,13489544,269790.88
2026-W13,Shindo Life,50,2,5,12,3597.6,0.0174,0.16,0.04,9331667,186633.34
2026-W13,Lumber Tycoon 2,50,1,5,13,1800.2,0.0045,0.0,0.08,17825539,356510.78
2026-W13,Da Hood,50,2,9,24,49909.44,0.0627,0.0,0.02,33088251,661765.02
2026-W13,Pet Simulator X,50,1,1,11,15749.0,0.005,0.0,0.0,155254786,3105095.72
2026-W13,Dungeon Quest!  RPG Adventure,50,2,3,21,149909.0,1.2429,0.02,0.1,6118714,122374.28
2026-W13,Epic Minigames,50,1,5,29,1949.4,0.0012,0.04,0.12,71621753,1432435.06
2026-W13,Ninja Legends,50,0,2,22,975.5,0.0016,0.02,0.08,28847245,576944.9
2026-W13,Funky Friday,50,0,0,18,0.0,0.0,0.08,0.04,89009474,1780189.48
2026-W13,My Restaurant,50,0,0,28,0.0,0.0,0.0,0.08,39124211,782484.22
2026-W13,Speed Run 4,50,1,2,39,226191.0,0.1003,0.04,0.14,108739104,2174782.08
2026-W13,Super Golf,50,0,1,29,224246.0,0.4049,0.14,0.04,27358979,547179.58
2026-W13,Bad Business | FPS,50,0,2,20,9969.5,0.0654,0.02,0.2,7334911,146698.22
2026-W13,MeepCity,50,0,1,36,128917.0,0.0492,0.08,0.08,128617060,2572341.2
2026-W13,Giant Simulator,50,0,1,17,391.0,0.0013,0.02,0.04,15232362,304647.24
2026-W13,Vehicle Simulator,50,0,0,18,0.0,0.0,0.06,0.32,48520879,970417.58
2026-W14,Adopt Me,50,22,38,19,49637.29,0.021,0.06,0.36,30255525,605110.5
2026-W14,Blox Fruits,50,20,30,30,285258.8,0.0884,0.02,0.18,73081171,1461623.42
2026-W14,Brookhaven RP,50,2,5,22,434079.8,0.112,0.0,0.04,176605243,3532104.86
2026-W14,RIVALS,50,39,45,35,169278.24,0.2338,0.0,0.08,10514112,210282.24
2026-W14,Murder Mystery 2,50,2,5,32,318976.8,0.0959,0.0,0.02,151280998,3025619.96
2026-W14,The Strongest Battlegrounds,50,11,18,25,70609.11,0.0224,0.0,0.08,102304066,2046081.32
2026-W14,Bee Swarm Simulator,50,5,19,25,53662.0,0.0329,0.0,0.02,51534935,1030698.7
2026-W14,Sol's RNG,50,16,36,14,40080.08,0.1353,0.0,0.42,5589194,111783.88
2026-W14,Fisch,50,0,0,23,0.0,0.0,0.0,0.44,35565121,711302.42
2026-W14,Creatures of Sonaria  Survive Kaiju Anim,50,1,1,12,94630.0,0.1506,0.02,0.12,30889841,617796.82
2026-W14,All Star Tower Defense,50,0,0,16,0.0,0.0,0.0,0.14,5883889,117677.78
2026-W14,PLS DONATE,50,0,0,32,0.0,0.0,0.0222,0.02,33317733,666354.66
2026-W14,Blade Ball,50,2,10,18,76561.8,0.0403,0.0,0.12,76673790,1533475.8
2026-W14,Dragon Adventures,50,5,23,18,16445.22,0.0448,0.0,0.18,10280754,205615.08
2026-W14,Build A Boat For Treasure,50,0,3,25,875816.0,0.3841,0.0,0.02,109806384,2196127.68
2026-W14,Flee the Facility,50,5,16,19,60627.12,0.0761,0.0,0.06,28051071,561021.42
2026-W14,Welcome to Bloxburg,50,1,3,25,15145.33,0.0047,0.08,0.3,151837614,3036752.28
2026-W14,DOORS,50,2,6,33,168944.0,0.0315,0.0,0.18,236775471,4735509.42
2026-W14,Tower Defense Simulator,50,4,20,27,70976.15,0.0827,0.04,0.16,27162048,543240.96
2026-W14,a dusty trip,50,2,2,34,14818.5,0.0078,0.0,0.12,90889814,1817796.28
2026-W14,Jailbreak,50,10,22,31,21944.0,0.015,0.0,0.18,41493637,829872.74
2026-W14,RoyaleHigh,50,6,18,20,15574.28,0.0036,0.0,0.24,140399278,2807985.56
2026-W14,Prison Life,50,0,7,37,38336.43,0.0588,0.0,0.34,28315886,566317.72
2026-W14,Work at a Pizza Place,50,0,0,39,0.0,0.0,0.02,0.02,121324394,2426487.88
2026-W14,Natural Disaster Survival,50,0,1,33,260167.0,0.0689,0.0,0.02,185202389,3704047.78
2026-W14,Piggy,50,0,0,32,0.0,0.0,0.0,0.24,495762475,9915249.5
2026-W14,Emergency Response: Liberty County,50,4,7,15,13597.86,0.0407,0.06,0.18,14479122,289582.44
2026-W14,Theme Park Tycoon 2,50,1,4,17,77548.5,0.0405,0.0,0.02,88355624,1767112.48
2026-W14,Deepwoken: Ironsworn,50,0,1,37,2676.0,0.0395,0.04,0.08,3320119,66402.38
2026-W14,Arsenal,50,0,6,27,241715.83,0.1128,0.02,0.06,95770356,1915407.12
2026-W14,Greenville,50,9,21,17,20426.33,0.0796,0.0,0.52,7867437,157348.74
2026-W14,Phantom Forces,50,1,4,24,4870.75,0.0115,0.0,0.08,19437004,388740.08
2026-W14,Shindo Life,50,0,0,14,0.0,0.0,0.2,0.06,10135948,202718.96
2026-W14,Lumber Tycoon 2,50,3,6,13,6573.0,0.0157,0.0,0.08,18435913,368718.26
2026-W14,Da Hood,50,6,12,26,60176.83,0.0646,0.0,0.06,36119948,722398.96
2026-W14,Pet Simulator X,50,1,1,12,29257.0,0.0096,0.0,0.02,149203082,2984061.64
2026-W14,Dungeon Quest!  RPG Adventure,50,0,1,18,442043.0,3.6344,0.04,0.08,6401813,128036.26
2026-W14,Epic Minigames,50,6,9,33,4974.0,0.0029,0.04,0.1,69633079,1392661.58
2026-W14,Ninja Legends,50,0,4,26,525.5,0.0006,0.02,0.18,40531266,810625.32
2026-W14,Funky Friday,50,0,0,16,0.0,0.0,0.08,0.04,78196196,1563923.92
2026-W14,My Restaurant,50,1,2,29,10012.5,0.0104,0.02,0.1,46171429,923428.58
2026-W14,Speed Run 4,50,0,0,39,0.0,0.0,0.02,0.14,135365801,2707316.02
2026-W14,Super Golf,50,0,1,32,227675.0,0.3958,0.14,0.04,28413936,568278.72
2026-W14,Bad Business | FPS,50,0,4,22,15154.25,0.096,0.02,0.2,7322261,146445.22
2026-W14,MeepCity,50,0,1,35,135568.0,0.0557,0.08,0.06,119445661,2388913.22
2026-W14,Giant Simulator,50,0,1,16,502.0,0.001,0.02,0.06,23940146,478802.92
2026-W14,Vehicle Simulator,50,1,2,18,4153.5,0.0044,0.08,0.32,45343149,906862.98
2026-W15,Adopt Me,50,22,34,22,37191.35,0.0292,0.02,0.16,21629616,432592.32
2026-W15,Blox Fruits,50,17,27,28,218715.74,0.0854,0.0,0.14,64833737,1296674.74
2026-W15,Brookhaven RP,50,2,2,23,22610.0,0.006,0.0,0.06,179973939,3599478.78
2026-W15,RIVALS,50,28,43,30,322946.53,0.3486,0.0,0.04,20370649,407412.98
2026-W15,Murder Mystery 2,50,2,2,32,12853.5,0.005,0.0,0.0,124198838,2483976.76
2026-W15,The Strongest Battlegrounds,50,4,7,24,68853.71,0.0265,0.02,0.1,112097797,2241955.94
2026-W15,Bee Swarm Simulator,50,0,0,25,0.0,0.0,0.0,0.04,22490995,449819.9
2026-W15,Sol's RNG,50,0,0,17,0.0,0.0,0.0,0.36,4384655,87693.1
2026-W15,Fisch,50,13,24,26,60202.33,0.0475,0.0,0.42,34384946,687698.92
2026-W15,Creatures of Sonaria  Survive Kaiju Anim,50,0,0,13,0.0,0.0,0.02,0.16,32809063,656181.26
2026-W15,All Star Tower Defense,50,0,0,20,0.0,0.0,0.0,0.14,6708789,134175.78
2026-W15,PLS DONATE,50,3,6,26,49438.83,0.0403,0.0208,0.02,51845579,1036911.58
2026-W15,Blade Ball,50,2,7,14,41515.14,0.0205,0.0,0.18,87228863,1744577.26
2026-W15,Dragon Adventures,50,2,17,17,18501.53,0.0588,0.0,0.26,10701309,214026.18
2026-W15,Build A Boat For Treasure,50,0,0,27,0.0,0.0,0.0,0.0,127603920,2552078.4
2026-W15,Flee the Facility,50,5,17,19,35423.06,0.0477,0.0,0.06,25101038,502020.76
2026-W15,Welcome to Bloxburg,50,0,0,26,0.0,0.0,0.08,0.28,158503360,3170067.2
2026-W15,DOORS,50,0,0,33,0.0,0.0,0.0,0.22,227471116,4549422.32
2026-W15,Tower Defense Simulator,50,21,31,27,54827.19,0.0429,0.04,0.2,25968242,519364.84
2026-W15,a dusty trip,50,2,4,33,29312.5,0.0152,0.0,0.2,88575531,1771510.62
2026-W15,Jailbreak,50,11,22,27,21470.64,0.0181,0.0,0.2,33696402,673928.04
2026-W15,RoyaleHigh,50,5,16,19,17243.5,0.004,0.0,0.16,147546198,2950923.96
2026-W15,Prison Life,50,0,6,35,32094.83,0.0735,0.0,0.32,19393917,387878.34
2026-W15,Work at a Pizza Place,50,1,3,37,187925.33,0.073,0.02,0.04,121630889,2432617.78
2026-W15,Natural Disaster Survival,50,0,1,31,272416.0,0.0745,0.0,0.04,179430994,3588619.88
2026-W15,Piggy,50,11,16,28,160447.0,0.0121,0.02,0.26,453225208,9064504.16
2026-W15,Emergency Response: Liberty County,50,8,13,16,12463.85,0.0328,0.12,0.16,14222045,284440.9
2026-W15,Theme Park Tycoon 2,50,0,3,17,150162.33,0.087,0.0,0.02,81606957,1632139.14
2026-W15,Deepwoken: Ironsworn,50,0,0,38,0.0,0.0,0.04,0.08,3326368,66527.36
2026-W15,Arsenal,50,1,5,28,10963.2,0.0048,0.0,0.08,102489642,2049792.84
2026-W15,Greenville,50,21,26,23,18045.65,0.0582,0.0,0.38,7910505,158210.1
2026-W15,Phantom Forces,50,1,5,26,5813.0,0.013,0.0,0.12,20102247,402044.94
2026-W15,Shindo Life,50,3,6,15,2866.5,0.01,0.04,0.06,12673592,253471.84
2026-W15,Lumber Tycoon 2,50,0,0,13,0.0,0.0,0.0,0.1,19555562,391111.24
2026-W15,Da Hood,50,6,13,25,54364.08,0.0623,0.0,0.08,32982839,659656.78
2026-W15,Pet Simulator X,50,1,2,13,24125.5,0.0076,0.0,0.02,152166991,3043339.82
2026-W15,Dungeon Quest!  RPG Adventure,50,0,3,21,222644.0,1.2542,0.02,0.06,9011282,180225.64
2026-W15,Epic Minigames,50,2,8,29,11061.25,0.0076,0.0408,0.12,59877824,1197556.48
2026-W15,Ninja Legends,50,0,1,21,293.0,0.0004,0.02,0.16,39226692,784533.84
2026-W15,Funky Friday,50,0,0,17,0.0,0.0,0.08,0.04,77223704,1544474.08
2026-W15,My Restaurant,50,0,0,28,0.0,0.0,0.02,0.06,51023650,1020473.0
2026-W15,Speed Run 4,50,0,0,39,0.0,0.0,0.06,0.16,128618563,2572371.26
2026-W15,Super Golf,50,0,1,29,230421.0,0.3953,0.12,0.04,28796106,575922.12
2026-W15,Bad Business | FPS,50,1,3,21,1882.33,0.0112,0.02,0.3,7879567,157591.34
2026-W15,MeepCity,50,1,2,37,70762.0,0.0304,0.1,0.1,111738431,2234768.62
2026-W15,Giant Simulator,50,1,2,15,312.0,0.0006,0.02,0.06,24014416,480288.32
2026-W15,Vehicle Simulator,50,0,2,19,13666.5,0.0139,0.06,0.36,47160084,943201.68
2026-W16,Adopt Me,50,14,33,18,51288.55,0.0444,0.04,0.28,21312627,426252.54
2026-W16,Blox Fruits,50,14,28,25,234491.82,0.0941,0.0,0.1,61396961,1227939.22
2026-W16,Brookhaven RP,50,1,2,21,687532.0,0.1508,0.0,0.04,220195895,4403917.9
2026-W16,RIVALS,50,31,42,39,229227.12,0.3214,0.0,0.02,14619312,292386.24
2026-W16,Murder Mystery 2,50,2,5,30,100861.0,0.038,0.0,0.04,119796435,2395928.7
2026-W16,The Strongest Battlegrounds,50,5,13,24,86056.69,0.0292,0.0,0.04,110304418,2206088.36
2026-W16,Bee Swarm Simulator,50,4,24,24,46754.62,0.0533,0.0,0.0,23911856,478237.12
2026-W16,Sol's RNG,50,23,43,19,41338.7,0.1045,0.02,0.36,4547172,90943.44
2026-W16,Fisch,50,20,37,23,52902.49,0.0504,0.0,0.46,15594921,311898.42
2026-W16,Creatures of Sonaria  Survive Kaiju Anim,50,2,4,11,33969.5,0.0535,0.0,0.18,29327857,586557.14
2026-W16,All Star Tower Defense,50,8,43,17,44950.81,0.0639,0.0,0.18,6853337,137066.74
2026-W16,PLS DONATE,50,6,9,32,12656.0,0.0092,0.0227,0.04,48133446,962668.92
2026-W16,Blade Ball,50,0,0,12,0.0,0.0,0.0,0.12,75819274,1516385.48
2026-W16,Dragon Adventures,50,5,21,14,13339.86,0.0372,0.0,0.18,10666947,213338.94
2026-W16,Build A Boat For Treasure,50,0,3,23,648103.33,0.2203,0.0,0.0,140185374,2803707.48
2026-W16,Flee the Facility,50,4,14,22,46431.07,0.0358,0.0,0.04,47325564,946511.28
2026-W16,Welcome to Bloxburg,50,0,4,26,82608.0,0.025,0.08,0.32,152408141,3048162.82
2026-W16,DOORS,50,2,6,34,268264.33,0.0492,0.0,0.14,241593829,4831876.58
2026-W16,Tower Defense Simulator,50,8,20,30,73521.2,0.0863,0.0204,0.12,26162961,523259.22
2026-W16,a dusty trip,50,1,3,35,43835.67,0.0211,0.0,0.12,97599531,1951990.62
2026-W16,Jailbreak,50,9,19,27,23451.84,0.0233,0.0,0.24,31597035,631940.7
2026-W16,RoyaleHigh,50,3,18,19,11139.78,0.0023,0.0,0.22,158383619,3167672.38
2026-W16,Prison Life,50,0,6,34,34764.67,0.0825,0.0,0.28,18751843,375036.86
2026-W16,Work at a Pizza Place,50,0,2,40,288282.5,0.1237,0.02,0.02,112446341,2248926.82
2026-W16,Natural Disaster Survival,50,0,1,28,283254.0,0.0868,0.0,0.04,160199885,3203997.7
2026-W16,Piggy,50,0,0,28,0.0,0.0,0.02,0.3,479156546,9583130.92
2026-W16,Emergency Response: Liberty County,50,3,10,12,23321.5,0.0607,0.06,0.12,15604363,312087.26
2026-W16,Theme Park Tycoon 2,50,2,3,17,107810.0,0.0577,0.0,0.04,88186268,1763725.36
2026-W16,Deepwoken: Ironsworn,50,0,0,38,0.0,0.0,0.06,0.1,3393705,67874.1
2026-W16,Arsenal,50,1,5,23,9959.2,0.0056,0.0,0.1,80508929,1610178.58
2026-W16,Greenville,50,0,0,19,0.0,0.0,0.0,0.32,6631884,132637.68
2026-W16,Phantom Forces,50,2,5,27,8357.2,0.0166,0.0,0.08,22632700,452654.0
2026-W16,Shindo Life,50,2,7,15,3484.57,0.0114,0.02,0.06,13130114,262602.28
2026-W16,Lumber Tycoon 2,50,0,3,9,15067.67,0.035,0.0,0.08,20257507,405150.14
2026-W16,Da Hood,50,2,15,23,58596.07,0.0778,0.0,0.06,27230635,544612.7
2026-W16,Pet Simulator X,50,0,1,12,40302.0,0.0142,0.0,0.02,139390730,2787814.6
2026-W16,Dungeon Quest!  RPG Adventure,50,2,3,21,153532.33,1.223,0.02,0.04,6360891,127217.82
2026-W16,Epic Minigames,50,0,0,26,0.0,0.0,0.02,0.14,59925541,1198510.82
2026-W16,Ninja Legends,50,1,3,24,1529.67,0.0018,0.02,0.18,39490250,789805.0
2026-W16,Funky Friday,50,4,4,15,2853.75,0.002,0.06,0.08,66912905,1338258.1
2026-W16,My Restaurant,50,0,1,28,652.0,0.0007,0.0,0.06,44714913,894298.26
2026-W16,Speed Run 4,50,1,1,38,2.0,0.0,0.08,0.16,107892504,2157850.08
2026-W16,Super Golf,50,0,1,26,232879.0,0.4102,0.14,0.06,28051182,561023.64
2026-W16,Bad Business | FPS,50,1,3,21,27260.67,0.1599,0.02,0.28,8092794,161855.88
2026-W16,MeepCity,50,0,1,34,144516.0,0.0447,0.08,0.06,158521336,3170426.72
2026-W16,Giant Simulator,50,0,1,15,676.0,0.0014,0.02,0.04,24029756,480595.12
2026-W16,Vehicle Simulator,50,0,2,20,14056.5,0.015,0.06,0.34,45144373,902887.46
2026-W17,Adopt Me,50,29,39,23,38835.87,0.0332,0.02,0.22,14380810,287616.2
2026-W17,Blox Fruits,50,20,26,24,213416.65,0.0958,0.0,0.18,59003017,1180060.34
2026-W17,Brookhaven RP,50,5,6,20,239879.33,0.0564,0.0,0.02,188678732,3773574.64
2026-W17,RIVALS,50,29,42,32,287955.24,0.3941,0.0,0.08,17940028,358800.56
2026-W17,Murder Mystery 2,50,4,8,32,291241.12,0.0901,0.0,0.08,138160916,2763218.32
2026-W17,The Strongest Battlegrounds,50,6,9,25,61167.89,0.0246,0.0,0.1,102573352,2051467.04
2026-W17,Bee Swarm Simulator,50,0,0,21,0.0,0.0,0.0,0.0,44651515,893030.3
2026-W17,Sol's RNG,50,22,42,23,54673.0,0.1424,0.0,0.26,5367514,107350.28
2026-W17,Fisch,50,11,30,27,70395.6,0.0398,0.02,0.32,37475416,749508.32
2026-W17,Creatures of Sonaria  Survive Kaiju Anim,50,1,2,13,29335.5,0.0425,0.02,0.18,33165502,663310.04
2026-W17,All Star Tower Defense,50,0,0,19,0.0,0.0,0.0,0.16,6512339,130246.78
2026-W17,PLS DONATE,50,0,0,33,0.0,0.0,0.0,0.02,41750353,835007.06
2026-W17,Blade Ball,50,2,8,17,87832.38,0.0448,0.0,0.16,82990189,1659803.78
2026-W17,Dragon Adventures,50,5,18,18,13879.22,0.0429,0.0,0.2,10596136,211922.72
2026-W17,Build A Boat For Treasure,50,1,8,27,288919.25,0.1179,0.0,0.02,105250347,2105006.94
2026-W17,Flee the Facility,50,8,14,21,24457.21,0.0257,0.0,0.02,34617364,692347.28
2026-W17,Welcome to Bloxburg,50,1,3,24,117312.33,0.0355,0.06,0.28,155577998,3111559.96
2026-W17,DOORS,50,5,7,36,36857.71,0.0044,0.0,0.16,363346879,7266937.58
2026-W17,Tower Defense Simulator,50,15,27,29,40369.74,0.046,0.04,0.16,21287122,425742.44
2026-W17,a dusty trip,50,2,3,30,31145.33,0.0134,0.0,0.12,109400610,2188012.2
2026-W17,Jailbreak,50,11,24,26,17058.71,0.0722,0.0,0.22,6548565,130971.3
2026-W17,RoyaleHigh,50,4,18,20,9381.44,0.0021,0.0,0.28,144361083,2887221.66
2026-W17,Prison Life,50,1,2,35,15787.5,0.0463,0.0,0.32,16382419,327648.38
2026-W17,Work at a Pizza Place,50,0,0,36,0.0,0.0,0.0,0.0,129729392,2594587.84
2026-W17,Natural Disaster Survival,50,0,1,27,289973.0,0.0826,0.0,0.04,172271295,3445425.9
2026-W17,Piggy,50,4,17,31,111991.0,0.0092,0.02,0.22,404245359,8084907.18
2026-W17,Emergency Response: Liberty County,50,6,14,13,22360.86,0.0592,0.06,0.22,13910379,278207.58
2026-W17,Theme Park Tycoon 2,50,1,4,17,98710.75,0.1163,0.02,0.02,39434984,788699.68
2026-W17,Deepwoken: Ironsworn,50,0,1,39,2933.0,0.0432,0.04,0.1,3331448,66628.96
2026-W17,Arsenal,50,9,12,24,4717.58,0.0021,0.04,0.08,86681491,1733629.82
2026-W17,Greenville,50,10,21,16,24003.14,0.0751,0.0,0.36,9768871,195377.42
2026-W17,Phantom Forces,50,1,8,26,8953.5,0.0285,0.0,0.1,13249326,264986.52
2026-W17,Shindo Life,50,1,2,12,4374.0,0.0154,0.0,0.06,13660564,273211.28
2026-W17,Lumber Tycoon 2,50,1,5,11,16128.8,0.0389,0.0,0.12,18719831,374396.62
2026-W17,Da Hood,50,0,0,25,0.0,0.0,0.0,0.06,29694516,593890.32
2026-W17,Pet Simulator X,50,0,1,15,41415.0,0.0133,0.0,0.02,152217334,3044346.68
2026-W17,Dungeon Quest!  RPG Adventure,50,2,6,22,128312.83,0.9956,0.02,0.04,6440668,128813.36
2026-W17,Epic Minigames,50,0,4,30,24076.75,0.0169,0.02,0.16,65500604,1310012.08
2026-W17,Ninja Legends,50,0,0,22,0.0,0.0,0.02,0.18,39951804,799036.08
2026-W17,Funky Friday,50,1,2,15,10616.0,0.0069,0.06,0.06,73752891,1475057.82
2026-W17,My Restaurant,50,0,2,33,80813.5,0.0795,0.02,0.08,48956210,979124.2
2026-W17,Speed Run 4,50,2,2,37,4.0,0.0,0.08,0.16,117529089,2350581.78
2026-W17,Super Golf,50,0,1,28,234520.0,0.413,0.16,0.04,28060314,561206.28
2026-W17,Bad Business | FPS,50,0,1,20,7091.0,0.0456,0.02,0.22,7621766,152435.32
2026-W17,MeepCity,50,0,0,35,0.0,0.0,0.1,0.1,148340366,2966807.32
2026-W17,Giant Simulator,50,0,3,16,287.0,0.0006,0.04,0.04,24054666,481093.32
2026-W17,Vehicle Simulator,50,0,1,21,9517.0,0.0103,0.04,0.3,45135010,902700.2
2026-W18,Adopt Me,50,20,36,20,53203.97,0.0311,0.06,0.2,25893117,517862.34
2026-W18,Blox Fruits,50,17,26,24,171737.65,0.0905,0.0,0.14,50026297,1000525.94
2026-W18,Brookhaven RP,50,6,7,22,75705.43,0.0198,0.0,0.02,164582156,3291643.12
2026-W18,RIVALS,50,41,46,36,162139.13,0.123,0.0,0.28,12730869,254617.38
2026-W18,Murder Mystery 2,50,3,7,27,385897.29,0.1365,0.0,0.02,124275868,2485517.36
2026-W18,The Strongest Battlegrounds,50,0,0,30,0.0,0.0,0.0,0.12,116980470,2339609.4
2026-W18,Bee Swarm Simulator,50,9,12,21,26425.33,0.0208,0.0,0.12,48682363,973647.26
2026-W18,Sol's RNG,50,26,43,21,72122.14,0.5064,0.02,0.38,4098121,81962.42
2026-W18,Fisch,50,19,33,22,53051.21,0.0563,0.0,0.48,17771837,355436.74
2026-W18,Creatures of Sonaria  Survive Kaiju Anim,50,3,4,13,55736.25,0.0792,0.02,0.12,32584173,651683.46
2026-W18,All Star Tower Defense,50,5,33,22,41395.12,0.1068,0.0,0.26,7569841,151396.82
2026-W18,PLS DONATE,50,7,8,30,10882.62,0.0092,0.0,0.02,46386614,927732.28
2026-W18,Blade Ball,50,4,12,18,75446.25,0.0401,0.0,0.18,72464994,1449299.88
2026-W18,Dragon Adventures,50,4,17,14,13783.41,0.1192,0.0,0.2,4049397,80987.94
2026-W18,Build A Boat For Treasure,50,0,4,23,382295.5,0.1734,0.0,0.0,102943707,2058874.14
2026-W18,Flee the Facility,50,12,25,21,26810.6,0.046,0.0,0.0,15243537,304870.74
2026-W18,Welcome to Bloxburg,50,6,9,29,75245.78,0.0384,0.06,0.34,80942947,1618858.94
2026-W18,DOORS,50,0,0,32,0.0,0.0,0.0,0.1,297130379,5942607.58
2026-W18,Tower Defense Simulator,50,9,15,32,41083.47,0.043,0.02,0.16,34027567,680551.34
2026-W18,a dusty trip,50,2,3,32,44875.67,0.0224,0.0,0.14,94435852,1888717.04
2026-W18,Jailbreak,50,0,0,25,0.0,0.0,0.0,0.28,34860481,697209.62
2026-W18,RoyaleHigh,50,4,15,24,5502.73,0.0013,0.0,0.28,149847857,2996957.14
2026-W18,Prison Life,50,0,0,39,0.0,0.0,0.0,0.24,35050135,701002.7
2026-W18,Work at a Pizza Place,50,0,4,40,177375.25,0.068,0.04,0.0,120782949,2415658.98
2026-W18,Natural Disaster Survival,50,0,1,34,295730.0,0.0825,0.0,0.02,175963441,3519268.82
2026-W18,Piggy,50,0,0,28,0.0,0.0,0.02,0.08,768743226,15374864.52
2026-W18,Emergency Response: Liberty County,50,5,12,13,19445.75,0.0566,0.08,0.2,13289895,265797.9
2026-W18,Theme Park Tycoon 2,50,2,4,18,108768.25,0.0631,0.0,0.02,79760226,1595204.52
2026-W18,Deepwoken: Ironsworn,50,0,0,39,0.0,0.0,0.06,0.08,3242754,64855.08
2026-W18,Arsenal,50,2,6,27,6582.33,0.0038,0.0,0.04,76086303,1521726.06
2026-W18,Greenville,50,6,14,13,24358.14,0.094,0.02,0.54,9674138,193482.76
2026-W18,Phantom Forces,50,1,6,28,9548.17,0.017,0.0,0.14,24733383,494667.66
2026-W18,Shindo Life,50,1,2,12,8049.5,0.0308,0.02,0.04,12570037,251400.74
2026-W18,Lumber Tycoon 2,50,2,5,12,13212.8,0.0364,0.0,0.08,16411848,328236.96
2026-W18,Da Hood,50,1,11,25,39711.73,0.0439,0.0,0.0,35700954,714019.08
2026-W18,Pet Simulator X,50,0,0,15,0.0,0.0,0.0,0.04,132909608,2658192.16
2026-W18,Dungeon Quest!  RPG Adventure,50,1,3,21,159630.67,1.2639,0.02,0.08,6415174,128303.48
2026-W18,Epic Minigames,50,2,5,30,14618.0,0.0089,0.02,0.16,74337240,1486744.8
2026-W18,Ninja Legends,50,0,1,24,3921.0,0.0049,0.02,0.2,38854578,777091.56
2026-W18,Funky Friday,50,2,3,15,9832.0,0.0073,0.06,0.06,63592332,1271846.64
2026-W18,My Restaurant,50,0,0,32,0.0,0.0,0.02,0.1,46798733,935974.66
2026-W18,Speed Run 4,50,2,2,39,7.5,0.0,0.06,0.18,124276883,2485537.66
2026-W18,Super Golf,50,0,0,29,0.0,0.0,0.14,0.06,27823380,556467.6
2026-W18,Bad Business | FPS,50,1,2,20,5493.0,0.0335,0.02,0.2,7893071,157861.42
2026-W18,MeepCity,50,0,0,33,0.0,0.0,0.08,0.08,153244454,3064889.08
2026-W18,Giant Simulator,50,0,4,18,249.0,0.0005,0.02,0.02,23958349,479166.98
2026-W18,Vehicle Simulator,50,0,1,21,9658.0,0.0102,0.06,0.36,46606976,932139.52
2026-W19,Adopt Me,50,13,27,24,71394.22,0.0608,0.04,0.14,28929742,578594.84
2026-W19,Blox Fruits,50,11,25,23,208458.44,0.0988,0.0,0.12,57939335,1158786.7
2026-W19,Brookhaven RP,50,0,2,22,304422.5,0.0681,0.0,0.02,215234106,4304682.12
2026-W19,RIVALS,50,19,38,23,314212.79,0.1934,0.0,0.08,31432925,628658.5
2026-W19,Murder Mystery 2,50,1,4,26,656795.0,0.2585,0.0,0.04,119482781,2389655.62
2026-W19,The Strongest Battlegrounds,50,11,14,25,37555.86,0.0121,0.04,0.1,112313978,2246279.56
2026-W19,Bee Swarm Simulator,50,6,12,21,36832.25,0.0133,0.0,0.08,105987954,2119759.08
2026-W19,Sol's RNG,50,0,0,23,0.0,0.0,0.06,0.3,4669241,93384.82
2026-W19,Fisch,50,0,0,25,0.0,0.0,0.0,0.26,37648847,752976.94
2026-W19,Creatures of Sonaria  Survive Kaiju Anim,50,0,0,12,0.0,0.0,0.04,0.16,32021616,640432.32
2026-W19,All Star Tower Defense,50,16,38,19,37169.47,0.0825,0.0204,0.2,6365626,127312.52
2026-W19,PLS DONATE,50,4,6,28,66071.67,0.081,0.0,0.0,31385554,627711.08
2026-W19,Blade Ball,50,0,4,16,159910.75,0.0965,0.0,0.16,76891423,1537828.46
2026-W19,Dragon Adventures,50,0,0,16,0.0,0.0,0.0,0.26,10212914,204258.28
2026-W19,Build A Boat For Treasure,50,0,4,25,421397.75,0.2982,0.0,0.02,66694381,1333887.62
2026-W19,Flee the Facility,50,6,15,19,21116.93,0.0346,0.0,0.06,21677781,433555.62
2026-W19,Welcome to Bloxburg,50,3,5,27,110351.4,0.0291,0.04,0.36,171097168,3421943.36
2026-W19,DOORS,50,5,7,35,177668.0,0.0284,0.04,0.14,270292717,5405854.34
2026-W19,Tower Defense Simulator,50,10,18,30,41896.0,0.0427,0.02,0.16,32164904,643298.08
2026-W19,a dusty trip,50,1,2,35,80052.0,0.036,0.0,0.16,106828874,2136577.48
2026-W19,Jailbreak,50,8,16,30,11017.81,0.011,0.0,0.2,34352645,687052.9
2026-W19,RoyaleHigh,50,2,8,24,3373.25,0.001,0.0,0.2,139601419,2792028.38
2026-W19,Prison Life,50,0,1,38,16283.0,0.0323,0.0,0.32,24711740,494234.8
2026-W19,Work at a Pizza Place,50,1,5,37,131504.2,0.0448,0.02,0.02,132705957,2654119.14
2026-W19,Natural Disaster Survival,50,0,1,31,301425.0,0.0823,0.0,0.02,179867045,3597340.9
2026-W19,Piggy,50,7,8,29,9907.25,0.0005,0.0,0.18,762185041,15243700.82
2026-W19,Emergency Response: Liberty County,50,1,7,14,37119.71,0.1256,0.04,0.14,12966876,259337.52
2026-W19,Theme Park Tycoon 2,50,1,4,16,122852.75,0.0783,0.0,0.02,72694522,1453890.44
2026-W19,Deepwoken: Ironsworn,50,0,0,40,0.0,0.0,0.06,0.08,3286734,65734.68
2026-W19,Arsenal,50,0,4,28,6854.25,0.0034,0.0,0.1,91984173,1839683.46
2026-W19,Greenville,50,9,16,14,19980.44,0.0759,0.02,0.58,9273268,185465.36
2026-W19,Phantom Forces,50,1,7,30,9580.0,0.0243,0.0,0.16,17008735,340174.7
2026-W19,Shindo Life,50,0,4,12,5207.5,0.0186,0.0,0.02,12931176,258623.52
2026-W19,Lumber Tycoon 2,50,0,4,14,18183.0,0.0485,0.0,0.2,17330567,346611.34
2026-W19,Da Hood,50,1,13,24,39333.85,0.067,0.0,0.06,22230287,444605.74
2026-W19,Pet Simulator X,50,4,5,13,33695.8,0.0105,0.0,0.02,144633756,2892675.12
2026-W19,Dungeon Quest!  RPG Adventure,50,0,0,21,0.0,0.0,0.0,0.06,5080162,101603.24
2026-W19,Epic Minigames,50,1,4,30,18262.5,0.0121,0.02,0.16,69659238,1393184.76
2026-W19,Ninja Legends,50,0,1,24,4975.0,0.0062,0.02,0.18,39594676,791893.52
2026-W19,Funky Friday,50,0,0,15,0.0,0.0,0.06,0.08,68980393,1379607.86
2026-W19,My Restaurant,50,0,0,32,0.0,0.0,0.02,0.1,47013786,940275.72
2026-W19,Speed Run 4,50,0,0,35,0.0,0.0,0.04,0.2,117766174,2355323.48
2026-W19,Super Golf,50,0,0,28,0.0,0.0,0.14,0.04,28002351,560047.02
2026-W19,Bad Business | FPS,50,0,2,18,4000.0,0.0255,0.02,0.2,7541667,150833.34
2026-W19,MeepCity,50,0,0,34,0.0,0.0,0.08,0.1,124910554,2498211.08
2026-W19,Giant Simulator,50,0,3,17,122.67,0.0003,0.02,0.04,17428936,348578.72
2026-W19,Vehicle Simulator,50,0,0,23,0.0,0.0,0.06,0.36,40382702,807654.04
2026-W20,Adopt Me,50,0,0,21,0.0,0.0,0.04,0.18,25373951,507479.02
2026-W20,Blox Fruits,50,14,26,23,235159.19,0.0938,0.0,0.16,66268492,1325369.84
2026-W20,Brookhaven RP,50,3,3,21,90721.0,0.0196,0.0,0.04,217921318,4358426.36
2026-W20,RIVALS,50,19,37,22,344759.46,0.1432,0.0,0.02,44062748,881254.96
2026-W20,Murder Mystery 2,50,4,5,32,83539.2,0.0295,0.0,0.06,127796363,2555927.26
2026-W20,The Strongest Battlegrounds,50,18,22,31,157828.32,0.0431,0.0,0.24,105967891,2119357.82
2026-W20,Bee Swarm Simulator,50,0,0,24,0.0,0.0,0.0,0.08,16894536,337890.72
2026-W20,Sol's RNG,50,0,0,28,0.0,0.0,0.04,0.3,4822234,96444.68
2026-W20,Fisch,50,18,32,25,76771.72,0.04,0.0,0.3,37010286,740205.72
2026-W20,Creatures of Sonaria  Survive Kaiju Anim,50,0,2,12,75221.0,0.1062,0.04,0.16,34159938,683198.76
2026-W20,All Star Tower Defense,50,0,0,19,0.0,0.0,0.0,0.3,7252045,145040.9
2026-W20,PLS DONATE,50,6,8,30,68891.25,0.0519,0.0213,0.06,52309245,1046184.9
2026-W20,Blade Ball,50,1,2,18,108010.5,0.0567,0.0,0.16,91629240,1832584.8
2026-W20,Dragon Adventures,50,3,14,17,15369.57,0.0539,0.02,0.14,10475817,209516.34
2026-W20,Build A Boat For Treasure,50,2,6,23,433742.67,0.1639,0.0,0.0,119074618,2381492.36
2026-W20,Flee the Facility,50,0,0,22,0.0,0.0,0.0,0.04,25185753,503715.06
2026-W20,Welcome to Bloxburg,50,2,6,29,101129.83,0.0267,0.04,0.28,167138357,3342767.14
2026-W20,DOORS,50,5,7,39,83521.14,0.0131,0.04,0.22,275181186,5503623.72
2026-W20,Tower Defense Simulator,50,13,18,29,24507.28,0.0268,0.02,0.14,29713168,594263.36
2026-W20,a dusty trip,50,2,3,32,61880.67,0.0291,0.0,0.14,100037597,2000751.94
2026-W20,Jailbreak,50,0,0,30,0.0,0.0,0.0,0.1,34959117,699182.34
2026-W20,RoyaleHigh,50,2,7,24,9734.57,0.0022,0.0,0.16,188719048,3774380.96
2026-W20,Prison Life,50,1,5,34,81556.2,0.0981,0.0,0.16,37837623,756752.46
2026-W20,Work at a Pizza Place,50,0,3,39,111507.0,0.0444,0.02,0.02,118356151,2367123.02
2026-W20,Natural Disaster Survival,50,0,0,34,0.0,0.0,0.0,0.04,246574765,4931495.3
2026-W20,Piggy,50,19,20,30,12553.5,0.0007,0.1,0.08,536832721,10736654.42
2026-W20,Emergency Response: Liberty County,50,7,14,16,21436.0,0.0564,0.06,0.24,13974093,279481.86
2026-W20,Theme Park Tycoon 2,50,3,7,20,79216.43,0.042,0.0,0.02,81697121,1633942.42
2026-W20,Deepwoken: Ironsworn,50,0,0,37,0.0,0.0,0.06,0.08,1963833,39276.66
2026-W20,Arsenal,50,0,3,28,8579.67,0.0047,0.0,0.1,85264975,1705299.5
2026-W20,Greenville,50,15,21,14,17910.33,0.0688,0.0,0.66,7926834,158536.68
2026-W20,Phantom Forces,50,1,5,28,5523.6,0.0104,0.0,0.12,23960999,479219.98
2026-W20,Shindo Life,50,0,3,13,4829.67,0.015,0.0,0.02,15133054,302661.08
2026-W20,Lumber Tycoon 2,50,1,4,13,18609.5,0.0457,0.0,0.08,18796849,375936.98
2026-W20,Da Hood,50,2,13,26,33248.23,0.0326,0.0,0.06,38224932,764498.64
2026-W20,Pet Simulator X,50,0,2,13,33533.0,0.0103,0.0,0.02,157036185,3140723.7
2026-W20,Dungeon Quest!  RPG Adventure,50,0,2,23,96957.0,0.6961,0.02,0.08,6879347,137586.94
2026-W20,Epic Minigames,50,2,4,33,401.75,0.0003,0.02,0.1,66420575,1328411.5
2026-W20,Ninja Legends,50,1,2,26,2839.5,0.0032,0.02,0.2,42470419,849408.38
2026-W20,Funky Friday,50,0,3,19,17059.0,0.0122,0.06,0.08,66018573,1320371.46
2026-W20,My Restaurant,50,0,0,29,0.0,0.0,0.02,0.08,47943735,958874.7
2026-W20,Speed Run 4,50,0,0,37,0.0,0.0,0.04,0.2,111344108,2226882.16
2026-W20,Super Golf,50,0,0,30,0.0,0.0,0.14,0.06,28068835,561376.7
2026-W20,Bad Business | FPS,50,0,0,24,0.0,0.0,0.02,0.2,7162216,143244.32
2026-W20,MeepCity,50,0,0,37,0.0,0.0,0.06,0.08,79432088,1588641.76
2026-W20,Giant Simulator,50,0,1,17,61.0,0.0001,0.02,0.06,23966807,479336.14
2026-W20,Vehicle Simulator,50,0,0,22,0.0,0.0,0.06,0.26,47470553,949411.06
2026-W21,Adopt Me,50,14,32,21,81634.69,0.0433,0.0,0.1,34642787,692855.74
2026-W21,Blox Fruits,50,10,21,22,349921.48,0.169,0.0,0.04,67410709,1348214.18
2026-W21,Brookhaven RP,50,4,7,23,281421.14,0.0665,0.0,0.0,183996615,3679932.3
2026-W21,RIVALS,50,34,43,33,147704.88,0.0503,0.0,0.02,26901174,538023.48
2026-W21,Murder Mystery 2,50,2,5,32,233189.0,0.0759,0.0,0.04,139430775,2788615.5
2026-W21,The Strongest Battlegrounds,50,36,38,36,172086.79,0.0292,0.0,0.6,77269930,1545398.6
2026-W21,Bee Swarm Simulator,50,7,10,23,34656.8,0.0131,0.02,0.04,105978162,2119563.24
2026-W21,Sol's RNG,50,16,40,21,104430.07,1.0912,0.0,0.28,5134202,102684.04
2026-W21,Fisch,50,18,30,28,72398.87,0.0318,0.0,0.28,47666958,953339.16
2026-W21,Creatures of Sonaria  Survive Kaiju Anim,50,0,1,13,126868.0,0.1665,0.04,0.14,37462240,749244.8
2026-W21,All Star Tower Defense,50,4,22,21,38698.0,0.1472,0.0,0.22,7948393,158967.86
2026-W21,PLS DONATE,50,11,14,29,38221.86,0.0312,0.0,0.0,40936599,818731.98
2026-W21,Blade Ball,50,5,11,16,43544.55,0.0349,0.0,0.08,49090223,981804.46
2026-W21,Dragon Adventures,50,0,0,17,0.0,0.0,0.02,0.18,10772355,215447.1
2026-W21,Build A Boat For Treasure,50,4,8,24,450199.88,0.2104,0.0,0.0,93449912,1868998.24
2026-W21,Flee the Facility,50,8,20,22,23911.2,0.0399,0.0,0.06,18438737,368774.74
2026-W21,Welcome to Bloxburg,50,2,8,26,91052.12,0.0705,0.04,0.28,54958484,1099169.68
2026-W21,DOORS,50,0,2,33,300241.0,0.0403,0.0,0.16,358581515,7171630.3
2026-W21,Tower Defense Simulator,50,14,20,32,36372.5,0.0435,0.04,0.06,25822855,516457.1
2026-W21,a dusty trip,50,0,0,32,0.0,0.0,0.0,0.16,101195263,2023905.26
2026-W21,Jailbreak,50,14,22,29,47403.73,0.057,0.0,0.08,24319573,486391.46
2026-W21,RoyaleHigh,50,3,8,23,8751.5,0.0019,0.0,0.24,193349411,3866988.22
2026-W21,Prison Life,50,1,2,38,77696.5,0.1065,0.02,0.22,35162241,703244.82
2026-W21,Work at a Pizza Place,50,0,2,39,19360.0,0.0073,0.0,0.02,126831437,2536628.74
2026-W21,Natural Disaster Survival,50,0,0,35,0.0,0.0,0.0,0.04,230701123,4614022.46
2026-W21,Piggy,50,0,0,29,0.0,0.0,0.0,0.18,722599107,14451982.14
2026-W21,Emergency Response: Liberty County,50,3,10,15,29794.2,0.0797,0.08,0.16,15254300,305086.0
2026-W21,Theme Park Tycoon 2,50,2,6,20,20267.17,0.0199,0.0,0.02,45012306,900246.12
2026-W21,Deepwoken: Ironsworn,50,0,0,39,0.0,0.0,0.02,0.06,2296371,45927.42
2026-W21,Arsenal,50,0,4,24,9952.75,0.0058,0.0,0.06,78339413,1566788.26
2026-W21,Greenville,50,10,17,16,20541.53,0.0882,0.02,0.54,8038155,160763.1
2026-W21,Phantom Forces,50,0,0,24,0.0,0.0,0.0,0.12,23718230,474364.6
2026-W21,Shindo Life,50,0,4,13,7769.0,0.0272,0.0,0.06,13157831,263156.62
2026-W21,Lumber Tycoon 2,50,1,4,13,21572.75,0.0572,0.0,0.18,17440500,348810.0
2026-W21,Da Hood,50,2,14,23,39900.43,0.0379,0.0,0.04,38410664,768213.28
2026-W21,Pet Simulator X,50,1,3,13,26010.0,0.0084,0.0,0.04,145723874,2914477.48
2026-W21,Dungeon Quest!  RPG Adventure,50,0,2,23,2505.5,0.0182,0.02,0.06,6605403,132108.06
2026-W21,Epic Minigames,50,0,0,30,0.0,0.0,0.02,0.14,65277087,1305541.74
2026-W21,Ninja Legends,50,0,1,25,6240.0,0.0076,0.02,0.22,40035750,800715.0
2026-W21,Funky Friday,50,0,3,18,19028.0,0.0119,0.06,0.06,75213154,1504263.08
2026-W21,My Restaurant,50,1,1,30,13025.0,0.0134,0.02,0.1,47663002,953260.04
2026-W21,Speed Run 4,50,0,0,38,0.0,0.0,0.04,0.18,117280358,2345607.16
2026-W21,Super Golf,50,0,0,27,0.0,0.0,0.14,0.06,28446342,568926.84
2026-W21,Bad Business | FPS,50,0,2,22,4417.0,0.0194,0.04,0.22,10928900,218578.0
2026-W21,MeepCity,50,0,0,34,0.0,0.0,0.06,0.1,142291940,2845838.8
2026-W21,Giant Simulator,50,0,2,17,99.0,0.0002,0.02,0.04,23852645,477052.9
2026-W21,Vehicle Simulator,50,0,0,21,0.0,0.0,0.06,0.32,45230744,904614.88
2026-W22,Adopt Me,50,17,35,15,82357.09,0.0631,0.02,0.18,22454007,449080.14
2026-W22,Blox Fruits,50,0,0,25,0.0,0.0,0.0,0.12,66792484,1335849.68
2026-W22,Brookhaven RP,50,3,4,27,301682.0,0.0605,0.0,0.04,230595796,4611915.92
2026-W22,RIVALS,50,32,43,27,201003.53,0.1044,0.0,0.08,22126436,442528.72
2026-W22,Murder Mystery 2,50,1,3,28,331839.0,0.1052,0.0,0.06,149262325,2985246.5
2026-W22,The Strongest Battlegrounds,50,20,28,28,297496.11,0.0639,0.0,0.28,110804529,2216090.58
2026-W22,Bee Swarm Simulator,50,6,13,22,30088.77,0.0108,0.02,0.06,103498889,2069977.78
2026-W22,Sol's RNG,50,21,44,24,105996.55,0.2254,0.0,0.2,7014743,140294.86
2026-W22,Fisch,50,27,34,27,45243.12,0.0172,0.0,0.26,43585878,871717.56
2026-W22,Creatures of Sonaria  Survive Kaiju Anim,50,2,3,14,51517.67,0.0701,0.04,0.2,34689922,693798.44
2026-W22,All Star Tower Defense,50,7,18,22,34349.83,0.1421,0.0204,0.2,8112055,162241.1
2026-W22,PLS DONATE,50,10,13,33,16704.54,0.0108,0.0217,0.02,51327447,1026548.94
2026-W22,Blade Ball,50,1,6,13,38426.17,0.0136,0.0,0.14,124844345,2496886.9
2026-W22,Dragon Adventures,50,1,13,15,19046.38,0.0672,0.0,0.16,10735877,214717.54
2026-W22,Build A Boat For Treasure,50,0,0,24,0.0,0.0,0.0,0.0,121536025,2430720.5
2026-W22,Flee the Facility,50,16,26,28,23490.81,0.0244,0.0,0.08,23743859,474877.18
2026-W22,Welcome to Bloxburg,50,1,5,29,96429.6,0.0368,0.04,0.3,118429606,2368592.12
2026-W22,DOORS,50,3,4,38,153046.5,0.0237,0.0,0.2,298278227,5965564.54
2026-W22,Tower Defense Simulator,50,13,18,33,47091.78,0.0524,0.04,0.12,29610272,592205.44
2026-W22,a dusty trip,50,3,5,33,66742.0,0.0286,0.0,0.12,105226702,2104534.04
2026-W22,Jailbreak,50,16,26,28,10906.85,0.0071,0.0,0.16,37163745,743274.9
2026-W22,RoyaleHigh,50,6,8,26,5472.0,0.0013,0.0,0.16,183736606,3674732.12
2026-W22,Prison Life,50,1,4,37,52606.25,0.0689,0.0,0.26,35326608,706532.16
2026-W22,Work at a Pizza Place,50,0,2,39,35460.0,0.0149,0.02,0.02,114401343,2288026.86
2026-W22,Natural Disaster Survival,50,0,0,34,0.0,0.0,0.0,0.06,175566859,3511337.18
2026-W22,Piggy,50,7,10,29,31376.7,0.0019,0.0,0.22,651478207,13029564.14
2026-W22,Emergency Response: Liberty County,50,4,12,14,32548.75,0.0856,0.08,0.14,14832588,296651.76
2026-W22,Theme Park Tycoon 2,50,1,7,17,23837.14,0.0122,0.0,0.02,84098163,1681963.26
2026-W22,Deepwoken: Ironsworn,50,0,0,41,0.0,0.0,0.1,0.08,3178472,63569.44
2026-W22,Arsenal,50,0,5,31,9451.8,0.0058,0.0,0.08,73495193,1469903.86
2026-W22,Greenville,50,14,20,18,13499.55,0.0435,0.04,0.46,9569587,191391.74
2026-W22,Phantom Forces,50,0,6,24,11837.17,0.0378,0.0,0.08,13853739,277074.78
2026-W22,Shindo Life,50,0,2,14,9653.0,0.0339,0.04,0.08,13672489,273449.78
2026-W22,Lumber Tycoon 2,50,0,4,13,22130.25,0.102,0.0,0.1,10068676,201373.52
2026-W22,Da Hood,50,0,0,22,0.0,0.0,0.0,0.06,28364900,567298.0
2026-W22,Pet Simulator X,50,2,5,14,39253.2,0.0127,0.0,0.04,138760188,2775203.76
2026-W22,Dungeon Quest!  RPG Adventure,50,0,1,25,7.0,0.0001,0.02,0.08,4891813,97836.26
2026-W22,Epic Minigames,50,0,5,25,15223.4,0.0106,0.0,0.12,64936537,1298730.74
2026-W22,Ninja Legends,50,0,1,25,7047.0,0.0086,0.02,0.16,39946669,798933.38
2026-W22,Funky Friday,50,0,3,19,20328.33,0.0122,0.06,0.06,78075385,1561507.7
2026-W22,My Restaurant,50,4,5,29,6393.0,0.0069,0.0,0.06,41578265,831565.3
2026-W22,Speed Run 4,50,1,1,38,158675.0,0.0697,0.06,0.14,111769723,2235394.46
2026-W22,Super Golf,50,0,0,26,0.0,0.0,0.14,0.06,21127615,422552.3
2026-W22,Bad Business | FPS,50,1,2,21,10364.5,0.0537,0.02,0.18,9283532,185670.64
2026-W22,MeepCity,50,0,0,34,0.0,0.0,0.08,0.08,123746666,2474933.32
2026-W22,Giant Simulator,50,0,2,17,187.0,0.0004,0.0,0.04,23792658,475853.16
2026-W22,Vehicle Simulator,50,1,1,21,19512.0,0.0213,0.04,0.32,44979969,899599.38
2026-W23,Adopt Me,50,18,32,16,71997.5,0.051,0.02,0.24,27703458,554069.16
2026-W23,Blox Fruits,50,11,27,24,191455.37,0.0949,0.0,0.14,51573925,1031478.5
2026-W23,Brookhaven RP,50,6,7,21,115583.57,0.0252,0.0,0.04,198134643,3962692.86
2026-W23,RIVALS,50,39,47,36,122098.89,0.067,0.0,0.16,11203004,224060.08
2026-W23,Murder Mystery 2,50,4,10,32,247363.8,0.086,0.0,0.1,117570830,2351416.6
2026-W23,The Strongest Battlegrounds,50,26,33,27,108277.88,0.0231,0.0,0.12,83380405,1667608.1
2026-W23,Bee Swarm Simulator,50,0,0,21,0.0,0.0,0.02,0.06,55202275,1104045.5
2026-W23,Sol's RNG,50,20,43,29,101439.84,0.1365,0.0612,0.2,8821872,176437.44
2026-W23,Fisch,50,14,30,27,88126.13,0.0485,0.0,0.22,38949079,778981.58
2026-W23,Creatures of Sonaria  Survive Kaiju Anim,50,0,0,16,0.0,0.0,0.04,0.12,39756247,795124.94
2026-W23,All Star Tower Defense,50,39,44,14,18428.14,0.1864,0.04,0.44,1404125,28082.5
2026-W23,PLS DONATE,50,5,10,31,74014.2,0.0492,0.0217,0.04,54851461,1097029.22
2026-W23,Blade Ball,50,1,6,17,34988.17,0.0273,0.0,0.1,56641386,1132827.72
2026-W23,Dragon Adventures,50,6,17,13,10816.59,0.0347,0.0,0.2,10480571,209611.42
2026-W23,Build A Boat For Treasure,50,0,3,23,1054331.67,0.4359,0.0,0.0,116839027,2336780.54
2026-W23,Flee the Facility,50,5,18,24,27136.39,0.0263,0.0,0.06,33513680,670273.6
2026-W23,Welcome to Bloxburg,50,1,6,26,86642.17,0.0162,0.04,0.24,236389127,4727782.54
2026-W23,DOORS,50,10,11,39,192544.0,0.034,0.0,0.24,222710172,4454203.44
2026-W23,Tower Defense Simulator,50,21,27,25,36984.48,0.029,0.04,0.28,30289038,605780.76
2026-W23,a dusty trip,50,1,2,28,45375.5,0.0205,0.0,0.08,106549673,2130993.46
2026-W23,Jailbreak,50,0,0,26,0.0,0.0,0.0,0.14,44338926,886778.52
2026-W23,RoyaleHigh,50,4,6,27,9882.0,0.0021,0.0,0.12,205386595,4107731.9
2026-W23,Prison Life,50,0,0,37,0.0,0.0,0.0,0.28,36925737,738514.74
2026-W23,Work at a Pizza Place,50,0,3,39,26266.67,0.0115,0.02,0.04,107611261,2152225.22
2026-W23,Natural Disaster Survival,50,1,1,35,283.0,0.0001,0.0,0.02,178929433,3578588.66
2026-W23,Piggy,50,9,11,35,21439.91,0.0011,0.0,0.16,736545912,14730918.24
2026-W23,Emergency Response: Liberty County,50,1,10,13,58807.3,0.1759,0.06,0.1,13962638,279252.76
2026-W23,Theme Park Tycoon 2,50,3,9,16,23386.78,0.0245,0.0,0.02,39345238,786904.76
2026-W23,Deepwoken: Ironsworn,50,0,0,38,0.0,0.0,0.08,0.08,3489801,69796.02
2026-W23,Arsenal,50,0,9,29,6256.67,0.0043,0.04,0.1,59686055,1193721.1
2026-W23,Greenville,50,14,22,13,18266.23,0.0708,0.0,0.72,7623161,152463.22
2026-W23,Phantom Forces,50,0,0,29,0.0,0.0,0.0,0.18,16731476,334629.52
2026-W23,Shindo Life,50,2,5,15,6527.6,0.0201,0.02,0.12,14614696,292293.92
2026-W23,Lumber Tycoon 2,50,0,0,14,0.0,0.0,0.0,0.1,19518852,390377.04
2026-W23,Da Hood,50,6,17,27,34764.65,0.032,0.0,0.04,36443135,728862.7
2026-W23,Pet Simulator X,50,2,4,15,51426.0,0.016,0.0,0.02,147836135,2956722.7
2026-W23,Dungeon Quest!  RPG Adventure,50,0,2,22,3072.0,0.0249,0.02,0.1,5936271,118725.42
2026-W23,Epic Minigames,50,0,0,32,0.0,0.0,0.04,0.1,65336680,1306733.6
2026-W23,Ninja Legends,50,1,2,30,4294.0,0.0061,0.02,0.18,33876376,677527.52
2026-W23,Funky Friday,50,0,6,19,17453.83,0.0104,0.04,0.1,73779330,1475586.6
2026-W23,My Restaurant,50,0,0,30,0.0,0.0,0.0,0.14,41738805,834776.1
2026-W23,Speed Run 4,50,1,2,38,86073.0,0.0374,0.06,0.14,110622843,2212456.86
2026-W23,Super Golf,50,1,1,29,29.0,0.0001,0.12,0.08,21032789,420655.78
2026-W23,Bad Business | FPS,50,2,3,24,4141.0,0.0232,0.02,0.24,8400558,168011.16
2026-W23,MeepCity,50,0,0,32,0.0,0.0,0.06,0.1,135579382,2711587.64
2026-W23,Giant Simulator,50,0,3,17,235.67,0.0005,0.02,0.04,23764650,475293.0
2026-W23,Vehicle Simulator,50,0,0,25,0.0,0.0,0.02,0.32,40517995,810359.9
2026-W24,Adopt Me,50,0,0,21,0.0,0.0,0.02,0.12,34092311,681846.22
2026-W24,Blox Fruits,50,9,25,23,300434.16,0.0967,0.0,0.18,85174728,1703494.56
2026-W24,Brookhaven RP,50,3,11,22,317923.0,0.0624,0.0,0.04,202153551,4043071.02
2026-W24,RIVALS,50,24,38,28,190774.74,0.1047,0.0,0.06,29113930,582278.6
2026-W24,Murder Mystery 2,50,3,11,30,326767.0,0.1144,0.0,0.04,114970878,2299417.56
2026-W24,The Strongest Battlegrounds,50,12,27,24,171532.93,0.0383,0.0,0.12,107607083,2152141.66
2026-W24,Bee Swarm Simulator,50,7,11,25,35701.36,0.1257,0.02,0.02,11469598,229391.96
2026-W24,Sol's RNG,50,20,42,29,117982.02,0.3413,0.06,0.22,7720358,154407.16
2026-W24,Fisch,50,14,27,27,69144.93,0.0319,0.0,0.22,51656890,1033137.8
2026-W24,Creatures of Sonaria  Survive Kaiju Anim,50,1,1,12,94493.0,0.1152,0.02,0.12,40291654,805833.08
2026-W24,All Star Tower Defense,50,9,18,19,25864.44,0.1142,0.0,0.26,7484106,149682.12
2026-W24,PLS DONATE,50,2,7,34,110424.14,0.1175,0.0233,0.08,34593876,691877.52
2026-W24,Blade Ball,50,1,2,16,54028.5,0.0291,0.0,0.1,89117790,1782355.8
2026-W24,Dragon Adventures,50,8,22,11,12077.77,0.113,0.0,0.18,3259241,65184.82
2026-W24,Build A Boat For Treasure,50,4,6,21,541707.67,0.2375,0.0,0.02,103611756,2072235.12
2026-W24,Flee the Facility,50,7,20,23,55286.95,0.0601,0.0,0.04,27766335,555326.7
2026-W24,Welcome to Bloxburg,50,0,0,25,0.0,0.0,0.04,0.24,66096040,1321920.8
2026-W24,DOORS,50,3,6,37,294224.67,0.0433,0.0,0.22,300962012,6019240.24
2026-W24,Tower Defense Simulator,50,26,29,29,75015.38,0.0606,0.04,0.3,28178579,563571.58
2026-W24,a dusty trip,50,3,6,31,1299622.83,0.6486,0.0,0.14,95964674,1919293.48
2026-W24,Jailbreak,50,25,30,30,9548.93,0.0062,0.02,0.16,30900597,618011.94
2026-W24,RoyaleHigh,50,1,3,24,11312.33,0.0025,0.0,0.22,209854633,4197092.66
2026-W24,Prison Life,50,3,7,34,50296.29,0.0888,0.0,0.26,24712371,494247.42
2026-W24,Work at a Pizza Place,50,1,3,37,14305.33,0.0055,0.04,0.02,122334351,2446687.02
2026-W24,Natural Disaster Survival,50,0,0,33,0.0,0.0,0.0,0.04,180529938,3610598.76
2026-W24,Piggy,50,3,5,33,34061.2,0.0021,0.0,0.12,736056177,14721123.54
2026-W24,Emergency Response: Liberty County,50,7,12,14,66699.75,0.1897,0.06,0.14,14162365,283247.3
2026-W24,Theme Park Tycoon 2,50,2,7,17,24092.71,0.013,0.0,0.02,80071658,1601433.16
2026-W24,Deepwoken: Ironsworn,50,0,0,42,0.0,0.0,0.1,0.02,3268198,65363.96
2026-W24,Arsenal,50,2,2,26,1546.5,0.0009,0.0,0.08,85747332,1714946.64
2026-W24,Greenville,50,12,15,13,14941.8,0.0476,0.0,0.52,10903141,218062.82
2026-W24,Phantom Forces,50,1,5,28,7044.6,0.015,0.0,0.12,21170646,423412.92
2026-W24,Shindo Life,50,1,3,16,8037.0,0.025,0.0,0.06,15151128,303022.56
2026-W24,Lumber Tycoon 2,50,0,6,13,12064.5,0.0303,0.0,0.08,17602386,352047.72
2026-W24,Da Hood,50,6,18,28,27761.72,0.0296,0.02,0.02,30520602,610412.04
2026-W24,Pet Simulator X,50,0,0,12,0.0,0.0,0.0,0.04,136340465,2726809.3
2026-W24,Dungeon Quest!  RPG Adventure,50,0,1,22,9.0,0.0001,0.04,0.12,5187493,103749.86
2026-W24,Epic Minigames,50,4,8,32,8539.0,0.0055,0.0,0.14,65619037,1312380.74
2026-W24,Ninja Legends,50,0,1,25,8956.0,0.0106,0.02,0.16,41277643,825552.86
2026-W24,Funky Friday,50,1,5,19,21363.2,0.0123,0.06,0.08,78573901,1571478.02
2026-W24,My Restaurant,50,0,0,35,0.0,0.0,0.02,0.08,84393854,1687877.08
2026-W24,Speed Run 4,50,0,1,37,180114.0,0.0752,0.04,0.14,117581286,2351625.72
2026-W24,Super Golf,50,0,0,29,0.0,0.0,0.14,0.04,21707182,434143.64
2026-W24,Bad Business | FPS,50,1,1,19,1804.0,0.0105,0.02,0.2,8446993,168939.86
2026-W24,MeepCity,50,0,0,33,0.0,0.0,0.08,0.08,157326566,3146531.32
2026-W24,Giant Simulator,50,0,2,17,557.0,0.0011,0.02,0.06,23899391,477987.82
2026-W24,Vehicle Simulator,50,0,0,22,0.0,0.0,0.06,0.38,50908100,1018162.0
2026-W25,Adopt Me,50,9,29,23,81552.66,0.0453,0.02,0.12,40138112,802762.24
2026-W25,Blox Fruits,50,9,26,21,236488.62,0.1858,0.0,0.12,36702735,734054.7
2026-W25,Brookhaven RP,50,2,4,20,160828.0,0.0303,0.0,0.08,245189784,4903795.68
2026-W25,RIVALS,50,27,41,29,210083.66,0.1079,0.0,0.04,26141632,522832.64
2026-W25,Murder Mystery 2,50,28,39,37,113821.41,0.0268,0.0,0.1,51150668,1023013.36
2026-W25,The Strongest Battlegrounds,50,12,24,22,306556.5,0.0808,0.0,0.14,105949104,2118982.08
2026-W25,Bee Swarm Simulator,50,4,14,23,38093.14,0.0752,0.02,0.04,18777893,375557.86
2026-W25,Sol's RNG,50,19,38,26,121722.66,1.1232,0.04,0.34,5925876,118517.52
2026-W25,Fisch,50,12,24,28,61265.96,0.0307,0.0,0.18,53284334,1065686.68
2026-W25,Creatures of Sonaria  Survive Kaiju Anim,50,1,3,13,150421.33,0.185,0.02,0.08,38663137,773262.74
2026-W25,All Star Tower Defense,50,3,13,18,33680.46,0.156,0.0,0.28,8210680,164213.6
2026-W25,PLS DONATE,50,2,8,36,28198.62,0.0261,0.0222,0.06,40273916,805478.32
2026-W25,Blade Ball,50,2,5,16,31652.2,0.0178,0.0,0.18,80233349,1604666.98
2026-W25,Dragon Adventures,50,6,14,14,7665.43,0.0263,0.02,0.12,10615022,212300.44
2026-W25,Build A Boat For Treasure,50,7,10,20,402326.4,0.1789,0.0,0.08,93975063,1879501.26
2026-W25,Flee the Facility,50,9,19,26,69034.0,0.0866,0.0,0.02,25220813,504416.26
2026-W25,Welcome to Bloxburg,50,0,0,27,0.0,0.0,0.02,0.28,103213370,2064267.4
2026-W25,DOORS,50,10,14,34,153206.29,0.0252,0.0,0.2,221232820,4424656.4
2026-W25,Tower Defense Simulator,50,18,26,29,97897.69,0.0837,0.04,0.3,30619046,612380.92
2026-W25,a dusty trip,50,3,7,31,798312.71,0.3597,0.0,0.1,101018334,2020366.68
2026-W25,Jailbreak,50,30,34,31,18445.38,0.0082,0.02,0.36,36555690,731113.8
2026-W25,RoyaleHigh,50,2,6,23,13390.17,0.003,0.0,0.2,198649887,3972997.74
2026-W25,Prison Life,50,1,7,38,56184.71,0.092,0.04,0.24,26644161,532883.22
2026-W25,Work at a Pizza Place,50,0,2,37,21792.0,0.008,0.04,0.02,131243931,2624878.62
2026-W25,Natural Disaster Survival,50,0,0,33,0.0,0.0,0.0,0.02,189724211,3794484.22
2026-W25,Piggy,50,0,0,34,0.0,0.0,0.04,0.02,507379897,10147597.94
2026-W25,Emergency Response: Liberty County,50,3,12,14,96818.75,0.2288,0.06,0.1,17244658,344893.16
2026-W25,Theme Park Tycoon 2,50,0,0,21,0.0,0.0,0.0,0.02,92040503,1840810.06
2026-W25,Deepwoken: Ironsworn,50,0,0,38,0.0,0.0,0.06,0.06,4221453,84429.06
2026-W25,Arsenal,50,0,4,27,4183.5,0.0031,0.0,0.1,62542763,1250855.26
2026-W25,Greenville,50,12,15,13,11448.33,0.0456,0.0,0.4,8959590,179191.8
2026-W25,Phantom Forces,50,2,6,25,4410.67,0.0101,0.0,0.12,19194578,383891.56
2026-W25,Shindo Life,50,2,4,16,7881.0,0.0232,0.02,0.08,15671854,313437.08
2026-W25,Lumber Tycoon 2,50,0,0,14,0.0,0.0,0.0,0.08,20383809,407676.18
2026-W25,Da Hood,50,6,17,23,19495.53,0.0198,0.0,0.04,32846495,656929.9
2026-W25,Pet Simulator X,50,6,9,16,46012.78,0.0148,0.02,0.08,127607528,2552150.56
2026-W25,Dungeon Quest!  RPG Adventure,50,0,1,28,9.0,0.0001,0.02,0.1,3845299,76905.98
2026-W25,Epic Minigames,50,0,4,33,20030.25,0.0133,0.0,0.2,69490574,1389811.48
2026-W25,Ninja Legends,50,0,0,27,0.0,0.0,0.02,0.2,37906545,758130.9
2026-W25,Funky Friday,50,0,0,20,0.0,0.0,0.02,0.1,71797768,1435955.36
2026-W25,My Restaurant,50,2,10,31,13947.9,0.0137,0.0,0.08,40766324,815326.48
2026-W25,Speed Run 4,50,0,0,36,0.0,0.0,0.0,0.1,120987346,2419746.92
2026-W25,Super Golf,50,0,0,28,0.0,0.0,0.14,0.04,21910773,438215.46
2026-W25,Bad Business | FPS,50,5,6,21,3184.67,0.0101,0.02,0.2,13899335,277986.7
2026-W25,MeepCity,50,0,0,37,0.0,0.0,0.04,0.08,105314995,2106299.9
2026-W25,Giant Simulator,50,2,4,17,496.25,0.001,0.02,0.12,23772420,475448.4
2026-W25,Vehicle Simulator,50,0,0,18,0.0,0.0,0.06,0.34,49201191,984023.82
2026-W26,Adopt Me,50,20,38,21,72052.47,0.0541,0.02,0.2,18708218,374164.36
2026-W26,Blox Fruits,50,9,24,20,222555.79,0.1722,0.0,0.08,38938772,778775.44
2026-W26,Brookhaven RP,50,0,1,20,524565.0,0.1009,0.0,0.04,255234330,5104686.6
2026-W26,RIVALS,50,26,40,26,235502.08,0.1108,0.0,0.06,30678966,613579.32
2026-W26,Murder Mystery 2,50,0,0,30,0.0,0.0,0.0,0.06,119141145,2382822.9
2026-W26,The Strongest Battlegrounds,50,0,0,28,0.0,0.0,0.0,0.22,126488594,2529771.88
2026-W26,Bee Swarm Simulator,50,3,10,27,43536.9,0.0331,0.02,0.04,53017593,1060351.86
2026-W26,Sol's RNG,50,16,35,28,85523.23,0.3732,0.06,0.16,6430811,128616.22
2026-W26,Fisch,50,26,31,32,48043.68,0.0218,0.0,0.2,43331620,866632.4
2026-W26,Creatures of Sonaria  Survive Kaiju Anim,50,2,4,13,129995.5,0.1482,0.02,0.04,40861493,817229.86
2026-W26,All Star Tower Defense,50,13,21,18,24718.14,0.121,0.0,0.24,6238251,124765.02
2026-W26,PLS DONATE,50,5,11,33,36839.09,0.0304,0.0,0.04,44029672,880593.44
2026-W26,Blade Ball,50,3,5,15,25772.8,0.0117,0.0,0.16,98858666,1977173.32
2026-W26,Dragon Adventures,50,0,0,13,0.0,0.0,0.0,0.14,4715691,94313.82
2026-W26,Build A Boat For Treasure,50,8,15,25,363932.67,0.2773,0.0,0.12,51400907,1028018.14
2026-W26,Flee the Facility,50,11,17,26,76553.88,0.0281,0.0,0.04,91197219,1823944.38
2026-W26,Welcome to Bloxburg,50,3,5,29,95792.4,0.0333,0.02,0.2,129830466,2596609.32
2026-W26,DOORS,50,4,6,36,313261.83,0.0492,0.0,0.22,281855616,5637112.32
2026-W26,Tower Defense Simulator,50,17,23,30,100155.39,0.1053,0.04,0.24,27975398,559507.96
2026-W26,a dusty trip,50,2,3,31,34342.0,0.0145,0.0,0.12,111166477,2223329.54
2026-W26,Jailbreak,50,16,21,28,23403.71,0.0159,0.0,0.22,43209775,864195.5
2026-W26,RoyaleHigh,50,3,8,25,7716.38,0.0017,0.0,0.16,193412019,3868240.38
2026-W26,Prison Life,50,3,9,36,44475.67,0.0473,0.02,0.26,38980441,779608.82
2026-W26,Work at a Pizza Place,50,0,1,35,42004.0,0.0147,0.04,0.02,139732449,2794648.98
2026-W26,Natural Disaster Survival,50,0,0,30,0.0,0.0,0.0,0.02,177434286,3548685.72
2026-W26,Piggy,50,8,12,31,59172.67,0.0031,0.0,0.18,724760806,14495216.12
2026-W26,Emergency Response: Liberty County,50,4,16,15,93849.44,0.2258,0.02,0.06,15634333,312686.66
2026-W26,Theme Park Tycoon 2,50,2,7,17,27797.57,0.0153,0.0,0.04,78460647,1569212.94
2026-W26,Deepwoken: Ironsworn,50,0,0,42,0.0,0.0,0.06,0.08,3425828,68516.56
2026-W26,Arsenal,50,3,5,27,2610.0,0.0019,0.0,0.1,62193831,1243876.62
2026-W26,Greenville,50,0,0,10,0.0,0.0,0.0,0.54,8920982,178419.64
2026-W26,Phantom Forces,50,2,5,27,6524.2,0.0138,0.0,0.14,21246601,424932.02
2026-W26,Shindo Life,50,0,0,16,0.0,0.0,0.0,0.04,16135330,322706.6
2026-W26,Lumber Tycoon 2,50,0,4,15,2643.25,0.0068,0.0,0.12,17587599,351751.98
2026-W26,Da Hood,50,6,16,26,24681.81,0.0225,0.0,0.0,37766527,755330.54
2026-W26,Pet Simulator X,50,1,2,14,17603.0,0.0055,0.0,0.02,152837802,3056756.04
2026-W26,Dungeon Quest!  RPG Adventure,50,0,2,24,703.5,0.0051,0.02,0.1,6627354,132547.08
2026-W26,Epic Minigames,50,0,8,32,12207.38,0.0068,0.02,0.16,75221678,1504433.56
2026-W26,Ninja Legends,50,0,0,27,0.0,0.0,0.02,0.18,44742790,894855.8
2026-W26,Funky Friday,50,0,1,17,38961.0,0.0262,0.04,0.08,72838880,1456777.6
2026-W26,My Restaurant,50,1,8,29,12706.25,0.0126,0.0,0.1,42524960,850499.2
2026-W26,Speed Run 4,50,2,2,41,4.5,0.0,0.04,0.14,107747768,2154955.36
2026-W26,Super Golf,50,2,2,30,23.0,0.0001,0.1,0.04,21233755,424675.1
2026-W26,Bad Business | FPS,50,13,14,18,2437.5,0.0121,0.02,0.3,7315622,146312.44
2026-W26,MeepCity,50,0,0,33,0.0,0.0,0.0,0.08,142415644,2848312.88
2026-W26,Giant Simulator,50,4,8,20,526.25,0.0009,0.0,0.08,23558805,471176.1
2026-W26,Vehicle Simulator,50,0,0,20,0.0,0.0,0.0,0.24,44458906,889178.12
2026-W27,Adopt Me,50,18,30,17,66064.83,0.061,0.0,0.18,23658175,473163.5
2026-W27,Blox Fruits,50,11,24,23,194333.0,0.0664,0.0,0.08,80814594,1616291.88
2026-W27,Brookhaven RP,50,15,21,23,143125.48,0.0201,0.0,0.08,209445414,4188908.28
2026-W27,RIVALS,50,31,43,27,244604.16,0.1068,0.0,0.16,26553246,531064.92
2026-W27,Murder Mystery 2,50,5,10,28,423455.4,0.1335,0.0,0.08,131101591,2622031.82
2026-W27,The Strongest Battlegrounds,50,0,0,28,0.0,0.0,0.0,0.38,92736491,1854729.82
2026-W27,Bee Swarm Simulator,50,3,10,26,37434.0,0.028,0.02,0.06,53775625,1075512.5
2026-W27,Sol's RNG,50,20,36,23,72680.0,0.4301,0.0408,0.3,4813451,96269.02
2026-W27,Fisch,50,16,27,26,62842.63,0.0358,0.0,0.26,42086321,841726.42
2026-W27,Creatures of Sonaria  Survive Kaiju Anim,50,0,0,16,0.0,0.0,0.02,0.06,31681001,633620.02
2026-W27,All Star Tower Defense,50,15,21,19,25946.86,0.1175,0.0,0.36,6729132,134582.64
2026-W27,PLS DONATE,50,1,8,36,50934.5,0.0373,0.0217,0.06,52290968,1045819.36
2026-W27,Blade Ball,50,2,5,17,46703.2,0.0244,0.0,0.18,86394157,1727883.14
2026-W27,Dragon Adventures,50,7,15,15,8119.2,0.0286,0.0,0.2,10070546,201410.92
2026-W27,Build A Boat For Treasure,50,1,4,18,1343608.5,0.398,0.0,0.02,160650377,3213007.54
2026-W27,Flee the Facility,50,6,19,28,66192.89,0.0714,0.0,0.04,30007418,600148.36
2026-W27,Welcome to Bloxburg,50,2,5,28,113516.2,0.0483,0.06,0.36,106275133,2125502.66
2026-W27,DOORS,50,3,6,37,72827.0,0.0134,0.0,0.24,239918871,4798377.42
2026-W27,Tower Defense Simulator,50,22,27,26,71839.04,0.0595,0.04,0.12,29704933,594098.66
2026-W27,a dusty trip,50,2,3,27,43974.67,0.0181,0.0,0.14,114270118,2285402.36
2026-W27,Jailbreak,50,13,22,27,18972.0,0.0125,0.0,0.18,42877461,857549.22
2026-W27,RoyaleHigh,50,4,8,25,7008.38,0.0017,0.0,0.24,169434535,3388690.7
2026-W27,Prison Life,50,1,11,32,41212.73,0.1093,0.0,0.3,15152234,303044.68
2026-W27,Work at a Pizza Place,50,0,0,34,0.0,0.0,0.04,0.02,132270519,2645410.38
2026-W27,Natural Disaster Survival,50,0,0,32,0.0,0.0,0.0,0.02,199399267,3987985.34
2026-W27,Piggy,50,8,10,31,20577.6,0.0013,0.0,0.18,613686647,12273732.94
2026-W27,Emergency Response: Liberty County,50,0,0,13,0.0,0.0,0.08,0.12,14836484,296729.68
2026-W27,Theme Park Tycoon 2,50,0,0,15,0.0,0.0,0.0,0.04,75711238,1514224.76
2026-W27,Deepwoken: Ironsworn,50,0,0,42,0.0,0.0,0.06,0.06,2038050,40761.0
2026-W27,Arsenal,50,3,7,24,3717.14,0.0025,0.0,0.08,63941334,1278826.68
2026-W27,Greenville,50,35,42,19,9946.07,0.0112,0.02,0.7,7535263,150705.26
2026-W27,Phantom Forces,50,2,7,24,5352.43,0.0204,0.0,0.16,11311485,226229.7
2026-W27,Shindo Life,50,1,4,14,19522.0,0.0606,0.02,0.06,14899003,297980.06
2026-W27,Lumber Tycoon 2,50,1,3,13,24194.0,0.1058,0.0,0.08,10817716,216354.32
2026-W27,Da Hood,50,0,0,24,0.0,0.0,0.0,0.04,26162855,523257.1
2026-W27,Pet Simulator X,50,3,5,14,37554.4,0.0121,0.02,0.08,139415463,2788309.26
2026-W27,Dungeon Quest!  RPG Adventure,50,0,0,22,0.0,0.0,0.02,0.06,5527297,110545.94
2026-W27,Epic Minigames,50,2,7,34,14186.57,0.0083,0.04,0.2,73446812,1468936.24
2026-W27,Ninja Legends,50,0,0,25,0.0,0.0,0.02,0.2,43341542,866830.84
2026-W27,Funky Friday,50,1,2,21,668.5,0.0005,0.0612,0.12,67457342,1349146.84
2026-W27,My Restaurant,50,0,3,28,16053.67,0.016,0.0,0.08,47252357,945047.14
2026-W27,Speed Run 4,50,0,0,39,0.0,0.0,0.04,0.16,105990597,2119811.94
2026-W27,Super Golf,50,0,0,27,0.0,0.0,0.12,0.04,21507852,430157.04
2026-W27,Bad Business | FPS,50,3,6,19,1778.33,0.0086,0.02,0.22,9074033,181480.66
2026-W27,MeepCity,50,0,0,37,0.0,0.0,0.08,0.06,186864044,3737280.88
2026-W27,Giant Simulator,50,16,19,24,1232.58,0.0025,0.0,0.06,15339587,306791.74
2026-W27,Vehicle Simulator,50,0,0,25,0.0,0.0,0.04,0.3,44739794,894795.88
2026-W28,Adopt Me,50,17,26,16,54718.5,0.0632,0.02,0.1,22192174,443843.48
2026-W28,Blox Fruits,50,11,19,21,188190.05,0.0807,0.0,0.06,75837984,1516759.68
2026-W28,Brookhaven RP,50,0,0,22,0.0,0.0,0.0,0.0,180548668,3610973.36
2026-W28,RIVALS,50,35,46,25,177808.8,0.1595,0.0,0.14,12637062,252741.24
2026-W28,Murder Mystery 2,50,0,0,30,0.0,0.0,0.0,0.08,94212452,1884249.04
2026-W28,The Strongest Battlegrounds,50,16,30,30,234721.97,0.0424,0.0,0.22,117763182,2355263.64
2026-W28,Bee Swarm Simulator,50,3,7,26,53393.57,0.0216,0.02,0.02,106570706,2131414.12
2026-W28,Sol's RNG,50,9,28,21,67394.96,0.4058,0.0408,0.24,5374545,107490.9
2026-W28,Fisch,50,14,25,27,71309.28,0.0393,0.0,0.22,47196463,943929.26
2026-W28,Creatures of Sonaria  Survive Kaiju Anim,50,2,3,16,50255.67,0.065,0.02,0.08,36470139,729402.78
2026-W28,All Star Tower Defense,50,4,13,20,23345.23,0.1136,0.0,0.34,7700540,154010.8
2026-W28,PLS DONATE,50,1,5,30,53484.6,0.042,0.0213,0.06,53806642,1076132.84
2026-W28,Blade Ball,50,0,3,15,69336.0,0.0316,0.0,0.14,103424688,2068493.76
2026-W28,Dragon Adventures,50,5,16,16,7461.56,0.063,0.0,0.28,4146722,82934.44
2026-W28,Build A Boat For Treasure,50,0,5,22,1344339.8,0.441,0.0,0.02,143889740,2877794.8
2026-W28,Flee the Facility,50,6,13,28,108410.0,0.0399,0.0,0.04,101985002,2039700.04
2026-W28,Welcome to Bloxburg,50,1,6,30,169862.0,0.0711,0.06,0.24,106100306,2122006.12
2026-W28,DOORS,50,1,3,34,646962.67,0.1117,0.0,0.28,274168462,5483369.24
2026-W28,Tower Defense Simulator,50,17,29,28,99560.69,0.1215,0.06,0.2,20093250,401865.0
2026-W28,a dusty trip,50,5,9,34,1004745.11,0.487,0.0,0.1,93623827,1872476.54
2026-W28,Jailbreak,50,17,29,32,11820.79,0.007,0.0,0.14,36003115,720062.3
2026-W28,RoyaleHigh,50,4,10,25,11675.3,0.0025,0.0,0.18,184091445,3681828.9
2026-W28,Prison Life,50,1,5,35,79707.2,0.1706,0.04,0.24,21427183,428543.66
2026-W28,Work at a Pizza Place,50,0,1,37,42849.0,0.0214,0.0,0.04,97992844,1959856.88
2026-W28,Natural Disaster Survival,50,0,0,28,0.0,0.0,0.0,0.04,185192733,3703854.66
2026-W28,Piggy,50,15,18,29,36159.39,0.003,0.08,0.12,392757252,7855145.04
2026-W28,Emergency Response: Liberty County,50,4,14,16,124372.21,0.3116,0.06,0.12,16109194,322183.88
2026-W28,Theme Park Tycoon 2,50,1,2,18,25492.0,0.0149,0.0,0.04,81980119,1639602.38
2026-W28,Deepwoken: Ironsworn,50,0,0,42,0.0,0.0,0.02,0.08,9178434,183568.68
2026-W28,Arsenal,50,2,4,25,3963.25,0.0028,0.0,0.1,64056362,1281127.24
2026-W28,Greenville,50,17,21,13,16786.95,0.0607,0.0,0.56,8092244,161844.88
2026-W28,Phantom Forces,50,5,7,26,4087.14,0.0129,0.0,0.08,13616054,272321.08
2026-W28,Shindo Life,50,2,3,13,12330.67,0.0579,0.0,0.08,10047537,200950.74
2026-W28,Lumber Tycoon 2,50,2,5,14,18333.4,0.0453,0.0,0.08,18299077,365981.54
2026-W28,Da Hood,50,4,15,21,26123.6,0.0378,0.0,0.04,24566269,491325.38
2026-W28,Pet Simulator X,50,3,4,14,39099.25,0.0144,0.0,0.04,125407305,2508146.1
2026-W28,Dungeon Quest!  RPG Adventure,50,0,2,20,2821.5,0.0258,0.02,0.04,5262402,105248.04
2026-W28,Epic Minigames,50,0,0,32,0.0,0.0,0.06,0.14,67424077,1348481.54
2026-W28,Ninja Legends,50,0,0,27,0.0,0.0,0.0204,0.2,33195207,663904.14
2026-W28,Funky Friday,50,0,1,16,28109.0,0.0171,0.08,0.06,80439808,1608796.16
2026-W28,My Restaurant,50,2,9,32,301740.44,0.3214,0.0,0.04,41210887,824217.74
2026-W28,Speed Run 4,50,1,2,39,37.0,0.0,0.06,0.16,111482471,2229649.42
2026-W28,Super Golf,50,0,0,28,0.0,0.0,0.12,0.06,20794802,415896.04
2026-W28,Bad Business | FPS,50,0,0,26,0.0,0.0,0.02,0.18,15599053,311981.06
2026-W28,MeepCity,50,0,0,34,0.0,0.0,0.06,0.12,116681260,2333625.2
2026-W28,Giant Simulator,50,11,27,20,2369.22,0.0041,0.0,0.1,13429367,268587.34
2026-W28,Vehicle Simulator,50,0,0,21,0.0,0.0,0.04,0.32,41468312,829366.24
2026-W29,Adopt Me,50,11,26,18,58264.04,0.0535,0.06,0.24,27638396,552767.92
2026-W29,Blox Fruits,50,11,25,22,272397.64,0.1066,0.0,0.12,70704547,1414090.94
2026-W29,Brookhaven RP,50,4,11,22,308259.64,0.0546,0.0,0.04,223619546,4472390.92
2026-W29,RIVALS,50,24,40,20,281212.97,0.12,0.0,0.04,34683901,693678.02
2026-W29,Murder Mystery 2,50,0,0,33,0.0,0.0,0.0,0.04,138322027,2766440.54
2026-W29,The Strongest Battlegrounds,50,11,22,29,234138.45,0.055,0.0,0.16,124450088,2489001.76
2026-W29,Bee Swarm Simulator,50,3,8,23,53700.62,0.021,0.04,0.02,107792903,2155858.06
2026-W29,Sol's RNG,50,13,29,24,48055.52,0.1689,0.02,0.24,7369966,147399.32
2026-W29,Fisch,50,18,29,28,60772.24,0.0275,0.0,0.24,48201445,964028.9
2026-W29,Creatures of Sonaria  Survive Kaiju Anim,50,1,5,15,82422.2,0.0999,0.02,0.08,37532016,750640.32
2026-W29,All Star Tower Defense,50,0,12,20,40322.42,0.2074,0.0,0.28,7677477,153549.54
2026-W29,PLS DONATE,50,2,7,33,42013.0,0.0316,0.0213,0.06,53472622,1069452.44
2026-W29,Blade Ball,50,0,0,16,0.0,0.0,0.0,0.16,90036624,1800732.48
2026-W29,Dragon Adventures,50,0,0,19,0.0,0.0,0.0,0.2,10684924,213698.48
2026-W29,Build A Boat For Treasure,50,0,9,27,299910.89,0.0759,0.0,0.02,164616334,3292326.68
2026-W29,Flee the Facility,50,4,14,28,30193.86,0.0369,0.0,0.04,29890439,597808.78
2026-W29,Welcome to Bloxburg,50,2,7,28,71680.29,0.0252,0.04,0.18,122950710,2459014.2
2026-W29,DOORS,50,21,25,38,20396.0,0.0025,0.0,0.26,206037566,4120751.32
2026-W29,Tower Defense Simulator,50,18,28,28,92985.54,0.0862,0.04,0.18,26335726,526714.52
2026-W29,a dusty trip,50,4,6,30,394855.5,0.1509,0.0,0.22,117534690,2350693.8
2026-W29,Jailbreak,50,12,33,26,19266.15,0.0527,0.0,0.24,6845071,136901.42
2026-W29,RoyaleHigh,50,5,8,29,6823.12,0.0014,0.0,0.16,200288395,4005767.9
2026-W29,Prison Life,50,1,6,43,58485.83,0.035,0.06,0.22,73940988,1478819.76
2026-W29,Work at a Pizza Place,50,0,0,39,0.0,0.0,0.0,0.02,129984775,2599695.5
2026-W29,Natural Disaster Survival,50,0,0,36,0.0,0.0,0.0,0.02,233886413,4677728.26
2026-W29,Piggy,50,10,10,32,20921.2,0.0015,0.0,0.14,548879127,10977582.54
2026-W29,Emergency Response: Liberty County,50,4,18,14,66930.33,0.1742,0.06,0.2,13496806,269936.12
2026-W29,Theme Park Tycoon 2,50,4,5,22,22465.4,0.0116,0.0,0.04,87084267,1741685.34
2026-W29,Deepwoken: Ironsworn,50,0,0,41,0.0,0.0,0.06,0.08,3440596,68811.92
2026-W29,Arsenal,50,1,6,25,2829.33,0.0015,0.0,0.06,85457858,1709157.16
2026-W29,Greenville,50,28,32,17,17626.5,0.0344,0.02,0.68,9799468,195989.36
2026-W29,Phantom Forces,50,0,0,28,0.0,0.0,0.0,0.2,26154924,523098.48
2026-W29,Shindo Life,50,4,7,13,22221.71,0.0625,0.0,0.06,15437183,308743.66
2026-W29,Lumber Tycoon 2,50,2,6,13,4547.67,0.0109,0.0,0.12,18319293,366385.86
2026-W29,Da Hood,50,4,15,23,30882.93,0.0303,0.0,0.02,36089054,721781.08
2026-W29,Pet Simulator X,50,1,2,16,63899.5,0.0205,0.0,0.02,149513492,2990269.84
2026-W29,Dungeon Quest!  RPG Adventure,50,0,0,24,0.0,0.0,0.02,0.1,5028231,100564.62
2026-W29,Epic Minigames,50,1,3,32,45671.33,0.0279,0.02,0.14,77031155,1540623.1
2026-W29,Ninja Legends,50,0,0,28,0.0,0.0,0.0204,0.2,39818628,796372.56
2026-W29,Funky Friday,50,0,0,17,0.0,0.0,0.06,0.06,77072194,1541443.88
2026-W29,My Restaurant,50,1,7,30,401149.14,0.3939,0.0,0.08,46601793,932035.86
2026-W29,Speed Run 4,50,2,3,38,2082.67,0.0009,0.06,0.12,111299492,2225989.84
2026-W29,Super Golf,50,0,0,28,0.0,0.0,0.12,0.06,21438292,428765.84
2026-W29,Bad Business | FPS,50,4,10,19,2263.8,0.0205,0.0,0.18,4437891,88757.82
2026-W29,MeepCity,50,0,0,31,0.0,0.0,0.08,0.1,184186651,3683733.02
2026-W29,Giant Simulator,50,7,31,16,2929.45,0.0028,0.02,0.18,20257350,405147.0
2026-W29,Vehicle Simulator,50,0,1,20,309.0,0.0004,0.06,0.36,42875414,857508.28
2026-W30,Adopt Me,50,10,20,21,53480.4,0.07,0.02,0.12,23974478,479489.56
2026-W30,Blox Fruits,50,9,17,20,374262.53,0.2077,0.0,0.14,65813768,1316275.36
2026-W30,Brookhaven RP,50,0,0,22,0.0,0.0,0.0,0.04,243635297,4872705.94
2026-W30,RIVALS,50,23,38,25,297265.95,0.155,0.0,0.08,34306236,686124.72
2026-W30,Murder Mystery 2,50,2,10,31,361946.1,0.1222,0.0,0.08,122059953,2441199.06
2026-W30,The Strongest Battlegrounds,50,7,20,28,157467.25,0.0403,0.0,0.16,120423679,2408473.58
2026-W30,Bee Swarm Simulator,50,4,13,28,11625.08,0.0314,0.02,0.04,13829706,276594.12
2026-W30,Sol's RNG,50,10,28,25,50423.61,0.2762,0.0,0.3,5428900,108578.0
2026-W30,Fisch,50,15,29,29,63405.17,0.0317,0.0,0.2,41815282,836305.64
2026-W30,Creatures of Sonaria  Survive Kaiju Anim,50,0,3,10,67832.67,0.0785,0.02,0.04,40834032,816680.64
2026-W30,All Star Tower Defense,50,0,7,16,38813.71,0.3015,0.0,0.28,5678338,113566.76
2026-W30,PLS DONATE,50,0,11,32,35922.36,0.0483,0.0,0.06,26429100,528582.0
2026-W30,Blade Ball,50,1,2,16,39084.5,0.0277,0.0,0.14,67759806,1355196.12
2026-W30,Dragon Adventures,50,6,14,15,9316.79,0.0321,0.0,0.2,10580340,211606.8
2026-W30,Build A Boat For Treasure,50,2,5,24,419622.6,0.1164,0.0,0.08,164337087,3286741.74
2026-W30,Flee the Facility,50,2,9,22,39667.78,0.0604,0.0,0.04,27263553,545271.06
2026-W30,Welcome to Bloxburg,50,1,5,31,154088.6,0.067,0.04,0.26,104271997,2085439.94
2026-W30,DOORS,50,4,7,38,83156.86,0.0169,0.0204,0.2,207618247,4152364.94
2026-W30,Tower Defense Simulator,50,21,29,30,115026.34,0.0971,0.06,0.36,28223981,564479.62
2026-W30,a dusty trip,50,1,4,31,1216135.0,0.6083,0.0,0.08,96823357,1936467.14
2026-W30,Jailbreak,50,13,28,30,20334.0,0.0098,0.0,0.2,44277542,885550.84
2026-W30,RoyaleHigh,50,4,10,28,11304.2,0.0022,0.0,0.2,202844483,4056889.66
2026-W30,Prison Life,50,3,10,29,50122.6,0.1363,0.06,0.2,15208635,304172.7
2026-W30,Work at a Pizza Place,50,0,0,38,0.0,0.0,0.06,0.04,130752371,2615047.42
2026-W30,Natural Disaster Survival,50,0,1,27,25386.0,0.0077,0.0,0.02,161387201,3227744.02
2026-W30,Piggy,50,5,16,31,32231.94,0.0043,0.02,0.2,254813311,5096266.22
2026-W30,Emergency Response: Liberty County,50,6,15,16,111649.53,0.2665,0.06,0.14,16336030,326720.6
2026-W30,Theme Park Tycoon 2,50,2,2,17,13097.5,0.0082,0.0,0.04,77094099,1541881.98
2026-W30,Deepwoken: Ironsworn,50,0,0,37,0.0,0.0,0.04,0.1,9422988,188459.76
2026-W30,Arsenal,50,0,3,28,4730.0,0.0025,0.0,0.06,87235375,1744707.5
2026-W30,Greenville,50,16,24,16,19341.62,0.0321,0.0,0.46,15523519,310470.38
2026-W30,Phantom Forces,50,8,16,28,7544.25,0.022,0.0,0.24,11790517,235810.34
2026-W30,Shindo Life,50,25,30,21,33427.9,0.082,0.0,0.28,9151288,183025.76
2026-W30,Lumber Tycoon 2,50,1,7,13,16182.57,0.0366,0.0,0.06,19112029,382240.58
2026-W30,Da Hood,50,4,17,26,27081.41,0.0314,0.0,0.02,28962370,579247.4
2026-W30,Pet Simulator X,50,0,1,15,122901.0,0.0374,0.0,0.0,161193459,3223869.18
2026-W30,Dungeon Quest!  RPG Adventure,50,1,3,25,57377.67,0.6242,0.02,0.08,4492573,89851.46
2026-W30,Epic Minigames,50,0,4,33,41354.0,0.0246,0.04,0.1,77370540,1547410.8
2026-W30,Ninja Legends,50,0,0,26,0.0,0.0,0.04,0.16,39979857,799597.14
2026-W30,Funky Friday,50,0,1,17,69948.0,0.0484,0.06,0.06,70870497,1417409.94
2026-W30,My Restaurant,50,0,5,32,583373.0,0.515,0.0,0.08,53886722,1077734.44
2026-W30,Speed Run 4,50,0,3,41,4186.33,0.0018,0.04,0.1,109643942,2192878.84
2026-W30,Super Golf,50,2,2,27,24.0,0.0002,0.14,0.04,7610627,152212.54
2026-W30,Bad Business | FPS,50,3,13,25,2521.46,0.0184,0.0,0.18,5091957,101839.14
2026-W30,MeepCity,50,0,1,33,1265.0,0.0004,0.06,0.1,145103456,2902069.12
2026-W30,Giant Simulator,50,12,37,17,3034.0,0.0031,0.0,0.3,12843544,256870.88
2026-W30,Vehicle Simulator,50,0,0,23,0.0,0.0,0.06,0.26,37422548,748450.96
2026-W31,Adopt Me,50,8,23,14,37138.96,0.1557,0.0,0.12,7056009,141120.18
2026-W31,Blox Fruits,50,7,22,25,307819.45,0.1169,0.0,0.06,80492018,1609840.36
2026-W31,Brookhaven RP,50,2,5,23,215681.2,0.0388,0.0,0.04,251142774,5022855.48
2026-W31,RIVALS,50,28,43,24,222533.0,0.2241,0.0,0.04,16521036,330420.72
2026-W31,Murder Mystery 2,50,2,7,28,266141.71,0.0918,0.0,0.08,126508536,2530170.72
2026-W31,The Strongest Battlegrounds,50,3,26,23,199107.46,0.057,0.0,0.12,89067598,1781351.96
2026-W31,Bee Swarm Simulator,50,4,6,25,13636.83,0.0111,0.02,0.1,54261067,1085221.34
2026-W31,Sol's RNG,50,16,30,25,30147.13,0.1479,0.02,0.2,4980632,99612.64
2026-W31,Fisch,50,18,29,31,74429.38,0.0421,0.0,0.28,39290495,785809.9
2026-W31,Creatures of Sonaria  Survive Kaiju Anim,50,0,2,13,58812.0,0.0808,0.02,0.02,35073317,701466.34
2026-W31,All Star Tower Defense,50,1,8,16,34434.75,0.1812,0.0,0.32,8067253,161345.06
2026-W31,PLS DONATE,50,2,5,32,29294.2,0.0213,0.0417,0.12,59221637,1184432.74
2026-W31,Blade Ball,50,2,3,16,25273.67,0.0147,0.02,0.12,80744005,1614880.1
2026-W31,Dragon Adventures,50,4,17,17,12515.12,0.04,0.0204,0.18,10228178,204563.56
2026-W31,Build A Boat For Treasure,50,1,3,23,640786.67,0.2121,0.0,0.08,143930534,2878610.68
2026-W31,Flee the Facility,50,6,11,24,152399.45,0.1979,0.0,0.08,31712183,634243.66
2026-W31,Welcome to Bloxburg,50,0,4,26,168846.0,0.0766,0.04,0.26,102102868,2042057.36
2026-W31,DOORS,50,10,11,34,80941.36,0.0165,0.0,0.38,192222449,3844448.98
2026-W31,Tower Defense Simulator,50,12,26,30,136239.12,0.126,0.1,0.28,29483198,589663.96
2026-W31,a dusty trip,50,2,2,34,11968.0,0.0059,0.0,0.18,98152247,1963044.94
2026-W31,Jailbreak,50,13,29,29,13191.76,0.009,0.0,0.22,30995459,619909.18
2026-W31,RoyaleHigh,50,5,8,27,7906.5,0.0021,0.0,0.1,158466946,3169338.92
2026-W31,Prison Life,50,1,11,31,48516.09,0.1095,0.02,0.28,17806420,356128.4
2026-W31,Work at a Pizza Place,50,0,0,34,0.0,0.0,0.04,0.02,123776691,2475533.82
2026-W31,Natural Disaster Survival,50,0,1,29,31842.0,0.0096,0.0,0.02,162609318,3252186.36
2026-W31,Piggy,50,5,7,32,37746.71,0.0034,0.0,0.12,483181215,9663624.3
2026-W31,Emergency Response: Liberty County,50,2,11,15,49735.45,0.1501,0.02,0.08,13467686,269353.72
2026-W31,Theme Park Tycoon 2,50,0,1,15,45792.0,0.0284,0.02,0.02,78991642,1579832.84
2026-W31,Deepwoken: Ironsworn,50,0,0,38,0.0,0.0,0.04,0.08,9266432,185328.64
2026-W31,Arsenal,50,2,7,23,3712.29,0.0021,0.0,0.12,76844428,1536888.56
2026-W31,Greenville,50,30,39,18,17159.85,0.0301,0.0,0.64,6374835,127496.7
2026-W31,Phantom Forces,50,4,13,28,7232.62,0.0169,0.0,0.18,15943122,318862.44
2026-W31,Shindo Life,50,38,48,22,43176.6,0.3851,0.0,0.28,2296739,45934.78
2026-W31,Lumber Tycoon 2,50,2,5,13,19366.6,0.0393,0.0,0.04,22270759,445415.18
2026-W31,Da Hood,50,2,25,16,12261.56,0.0488,0.0,0.0,6593736,131874.72
2026-W31,Pet Simulator X,50,2,3,13,54031.33,0.0188,0.0,0.02,135502596,2710051.92
2026-W31,Dungeon Quest!  RPG Adventure,50,2,4,24,45706.75,0.4232,0.02,0.1,5151287,103025.74
2026-W31,Epic Minigames,50,2,4,34,11756.0,0.0069,0.04,0.12,77861452,1557229.04
2026-W31,Ninja Legends,50,1,1,27,9.0,0.0,0.02,0.16,39314965,786299.3
2026-W31,Funky Friday,50,0,0,13,0.0,0.0,0.06,0.04,69569887,1391397.74
2026-W31,My Restaurant,50,1,6,30,502335.17,0.492,0.0,0.08,47937042,958740.84
2026-W31,Speed Run 4,50,1,4,38,4296.0,0.0018,0.1,0.08,107484341,2149686.82
2026-W31,Super Golf,50,0,0,26,0.0,0.0,0.14,0.04,21281186,425623.72
2026-W31,Bad Business | FPS,50,1,8,21,3374.62,0.0235,0.0,0.14,6069199,121383.98
2026-W31,MeepCity,50,0,1,31,1408.0,0.0004,0.06,0.12,163420683,3268413.66
2026-W31,Giant Simulator,50,6,32,20,3145.06,0.0041,0.0408,0.22,13156263,263125.26
2026-W31,Vehicle Simulator,50,0,1,22,610.0,0.0006,0.06,0.22,47348691,946973.82
2026-W32,Adopt Me,50,13,21,20,62235.57,0.0676,0.02,0.22,27989295,559785.9
2026-W32,Blox Fruits,50,16,24,20,356320.04,0.1324,0.0,0.16,78517872,1570357.44
2026-W32,Brookhaven RP,50,4,4,23,58261.75,0.0092,0.0,0.0,292020740,5840414.8
2026-W32,RIVALS,50,26,38,29,217214.37,0.123,0.0,0.02,29445927,588918.54
2026-W32,Murder Mystery 2,50,9,28,24,275042.54,0.099,0.0,0.06,68799919,1375998.38
2026-W32,The Strongest Battlegrounds,50,6,11,29,127248.82,0.0414,0.0,0.06,121303858,2426077.16
2026-W32,Bee Swarm Simulator,50,3,8,30,19043.62,0.0144,0.0204,0.04,54538097,1090761.94
2026-W32,Sol's RNG,50,17,27,29,34436.85,0.1218,0.02,0.26,7433961,148679.22
2026-W32,Fisch,50,21,32,22,54867.03,0.0294,0.0,0.34,35350964,707019.28
2026-W32,Creatures of Sonaria  Survive Kaiju Anim,50,1,5,13,50195.0,0.0646,0.04,0.1,35211738,704234.76
2026-W32,All Star Tower Defense,50,4,7,18,5723.71,0.0248,0.0,0.34,9499638,189992.76
2026-W32,PLS DONATE,50,0,2,34,18928.5,0.0153,0.0417,0.1,57057007,1141140.14
2026-W32,Blade Ball,50,2,5,14,32025.2,0.0209,0.0,0.12,69222905,1384458.1
2026-W32,Dragon Adventures,50,5,20,10,16523.3,0.1454,0.0,0.22,3739820,74796.4
2026-W32,Build A Boat For Treasure,50,1,4,26,600397.0,0.2396,0.0,0.02,117678948,2353578.96
2026-W32,Flee the Facility,50,7,14,25,195129.86,0.2768,0.0,0.08,28113318,562266.36
2026-W32,Welcome to Bloxburg,50,2,8,28,125239.12,0.0538,0.06,0.22,98833853,1976677.06
2026-W32,DOORS,50,12,19,34,184481.79,0.0241,0.0,0.24,240894668,4817893.36
2026-W32,Tower Defense Simulator,50,17,31,33,113771.32,0.1065,0.04,0.26,23829509,476590.18
2026-W32,a dusty trip,50,4,4,29,7074.0,0.0029,0.0,0.14,113734115,2274682.3
2026-W32,Jailbreak,50,18,32,32,11923.53,0.0057,0.0,0.1,37874911,757498.22
2026-W32,RoyaleHigh,50,7,14,26,9432.5,0.0024,0.0,0.16,143972704,2879454.08
2026-W32,Prison Life,50,0,0,32,0.0,0.0,0.0,0.18,23184496,463689.92
2026-W32,Work at a Pizza Place,50,1,1,38,73.0,0.0,0.06,0.0,123099346,2461986.92
2026-W32,Natural Disaster Survival,50,0,0,29,0.0,0.0,0.0,0.02,184157434,3683148.68
2026-W32,Piggy,50,4,8,32,46281.25,0.0038,0.0,0.1,509702980,10194059.6
2026-W32,Emergency Response: Liberty County,50,3,14,16,86369.86,0.2228,0.02,0.06,15163088,303261.76
2026-W32,Theme Park Tycoon 2,50,4,6,16,20207.17,0.0112,0.0,0.02,79804575,1596091.5
2026-W32,Deepwoken: Ironsworn,50,0,0,41,0.0,0.0,0.04,0.1,9377875,187557.5
2026-W32,Arsenal,50,3,5,28,3979.6,0.0019,0.0204,0.1,91563420,1831268.4
2026-W32,Greenville,50,20,33,17,22345.15,0.0262,0.0,0.56,15251180,305023.6
2026-W32,Phantom Forces,50,0,0,26,0.0,0.0,0.0,0.2,17739761,354795.22
2026-W32,Shindo Life,50,33,46,23,31889.63,0.0218,0.04,0.22,7304894,146097.88
2026-W32,Lumber Tycoon 2,50,2,5,12,12235.2,0.0256,0.0,0.04,21530014,430600.28
2026-W32,Da Hood,50,0,0,28,0.0,0.0,0.04,0.02,23628719,472574.38
2026-W32,Pet Simulator X,50,1,1,12,35423.0,0.0128,0.0,0.04,135745400,2714908.0
2026-W32,Dungeon Quest!  RPG Adventure,50,4,9,26,33520.89,0.2836,0.04,0.06,5147356,102947.12
2026-W32,Epic Minigames,50,4,8,28,6777.5,0.0043,0.06,0.14,65889044,1317780.88
2026-W32,Ninja Legends,50,0,0,26,0.0,0.0,0.04,0.12,40630238,812604.76
2026-W32,Funky Friday,50,0,0,18,0.0,0.0,0.06,0.06,66704333,1334086.66
2026-W32,My Restaurant,50,0,0,31,0.0,0.0,0.0,0.06,53754354,1075087.08
2026-W32,Speed Run 4,50,0,2,35,10481.0,0.004,0.06,0.1,127344951,2546899.02
2026-W32,Super Golf,50,1,1,26,26.0,0.0001,0.14,0.04,23843839,476876.78
2026-W32,Bad Business | FPS,50,1,8,22,2679.75,0.0229,0.02,0.16,4928460,98569.2
2026-W32,MeepCity,50,0,1,31,1476.0,0.0006,0.0,0.1,130600616,2612012.32
2026-W32,Giant Simulator,50,4,34,19,3396.53,0.0026,0.0,0.22,21137750,422755.0
2026-W32,Vehicle Simulator,50,0,1,23,749.0,0.0008,0.06,0.26,47004939,940098.78
